1,2022-01-19,"Sua Amiga Deu","MC Levin",https://www.shazam.com/track/468140853/sua-amiga-deu,468140853
2,2021-12-19,"Я буду ***ть","Moreart Feat. IHI",https://www.shazam.com/track/545851877/-,545851877
3,2021-10-25,"Grind X Jungle","DJ Harsh Sharma Feat. Emiway Bantai & Sunix Thakor",https://www.shazam.com/track/588362942/grind-x-jungle,588362942
4,2021-09-29,"Life Goes On","Oliver Tree",https://www.shazam.com/track/543351696/life-goes-on,543351696
5,2021-09-15,"Sober Up","AJR Feat. Rivers Cuomo",https://www.shazam.com/track/353576327/sober-up,353576327
6,2021-09-03,"929","Halsey",https://www.shazam.com/track/504770570/929,504770570
7,2021-08-02,"Still Don't Know My Name","Labrinth",https://www.shazam.com/track/471185151/still-dont-know-my-name,471185151
8,2021-07-25,"Hadal Ahbek","Issam Alnajjar",https://www.shazam.com/track/538883143/hadal-ahbek,538883143
9,2021-07-21,"We Belong","Dove Cameron",https://www.shazam.com/track/530512363/we-belong,530512363
10,2021-07-18,"Take It Off (Billboard Radio Mix)","Ke$ha",https://www.shazam.com/track/53272483/take-it-off-billboard-radio-mix,53272483
11,2021-07-08,"Style","Lagrange",https://www.shazam.com/track/576569010/style,576569010
12,2021-07-08,"Clear (Shawn Wasabi Remix)","Pusher Feat. Mothica",https://www.shazam.com/track/321922976/clear-shawn-wasabi-remix,321922976
13,2021-06-21,"Hips Don't Lie","Shakira Feat. Wyclef Jean",https://www.shazam.com/track/101594534/hips-dont-lie,101594534
14,2021-06-18,"Rolls Royce Umbrella","Clever Feat. Chris Brown",https://www.shazam.com/track/556229947/rolls-royce-umbrella,556229947
15,2021-05-15,"The Riddle (Alternative Radio Edit)","Prezioso & Marvin",https://www.shazam.com/track/50993822/the-riddle-alternative-radio-edit,50993822
16,2021-05-15,"Wrap Me In Plastic (Marcus Layton Radio Edit)","CHROMANCE",https://www.shazam.com/track/377561405/wrap-me-in-plastic-marcus-layton-radio-edit,377561405
17,2021-05-15,"Heaven","Inna",https://www.shazam.com/track/321306515/heaven,321306515
18,2021-05-15,"Write This Down","SoulChef Feat. Nieve",https://www.shazam.com/track/57157822/write-this-down,57157822
19,2021-05-15,"Victory","Two Steps From Hell",https://www.shazam.com/track/254381844/victory,254381844
20,2021-05-12,"The Best","Hook N Sling, Galantis & Karen Harding",https://www.shazam.com/track/566380824/the-best,566380824
21,2021-04-19,"Nemesis","RYLLZ",https://www.shazam.com/track/445892024/nemesis,445892024
22,2021-04-19,"Back When I Was Broke","Skinnyfromthe9",https://www.shazam.com/track/413159366/back-when-i-was-broke,413159366
23,2021-04-07,"Ew","Emily Deahl",https://www.shazam.com/track/506099023/ew,506099023
24,2021-03-29,"Gayala Wayala","Sajjad Hassan",https://www.shazam.com/track/106306815/gayala-wayala,106306815
25,2021-03-28,"Moscow (Axel Raven Remix)","Arnaud M & B2G",https://www.shazam.com/track/106471966/moscow-axel-raven-remix,106471966
26,2021-03-28,"2 The Moon and Back","The Ard & The Pianoroad",https://www.shazam.com/track/524752147/2-the-moon-and-back,524752147
27,2021-03-16,"Moseqah","Turkish Trap",https://www.shazam.com/track/356101483/moseqah,356101483
28,2021-03-04,"Olivia (Goalsounds Edit)","One Direction",https://www.shazam.com/track/538577893/olivia-goalsounds-edit,538577893
29,2021-02-12,"Wild West (Original Mix)","Arman Cekin",https://www.shazam.com/track/348714215/wild-west-original-mix,348714215
30,2021-02-12,"Hadal Ahbek","Issam Alnajjar",https://www.shazam.com/track/538883143/hadal-ahbek,538883143
31,2021-02-12,"Attack","KERIMKAAN",https://www.shazam.com/track/502066987/attack,502066987
32,2021-02-08,"Elevator","David O'Brien",https://www.shazam.com/track/506415188/elevator,506415188
33,2021-02-08,"Light","San Holo",https://www.shazam.com/track/332985550/light,332985550
34,2021-02-08,"Paris","Else",https://www.shazam.com/track/316815447/paris,316815447
35,2021-01-31,"Fed Up","Bazanji",https://www.shazam.com/track/339854878/fed-up,339854878
36,2021-01-31,"Shooting Stars","Bag Raiders",https://www.shazam.com/track/49682645/shooting-stars,49682653
37,2021-01-20,"Fireflies","Owl City",https://www.shazam.com/track/49945640/fireflies,49509837
38,2021-01-13,"Bombay Dreams","KSHMR & Lost Stories Feat. Kavita Seth",https://www.shazam.com/track/496004746/bombay-dreams,496004746
39,2021-01-13,"Kosandra","Miyagi & Andy Panda",https://www.shazam.com/track/508130461/kosandra,508130461
40,2021-01-13,"Deep End","Fousheé",https://www.shazam.com/track/531351445/deep-end,531351445
41,2021-01-09,"Movements","Pham Feat. Yung Fusion",https://www.shazam.com/track/237236409/movements,237236409
42,2021-01-08,"Panda (Kiko Franco & Kubski Remix)","Desiigner",https://www.shazam.com/track/331066186/panda-kiko-franco-and-kubski-remix,331066186
43,2021-01-08,"Alors On Danse","Stromae",https://www.shazam.com/track/50881429/alors-on-danse,50489732
44,2021-01-08,"Wahran","Randall",https://www.shazam.com/track/459798454/wahran,459798454
45,2021-01-08,"Dum Dee Dum (Jikay Remix)","Keys N Krates",https://www.shazam.com/track/289724130/dum-dee-dum-jikay-remix,289724130
46,2021-01-08,"Paris","Willy William Feat. Cris Cab",https://www.shazam.com/track/321126629/paris,321126629
47,2021-01-08,"Иса","Andro",https://www.shazam.com/track/488470155/-,488470155
48,2021-01-08,"Bad Boy","Marwa Loud",https://www.shazam.com/track/404932828/bad-boy,404932828
49,2021-01-08,"I Love You Baby","Kapitax",https://www.shazam.com/track/533629377/i-love-you-baby,533629377
50,2021-01-08,"Дикая Львица (DJ Mexx & DJ Karimov Radio Remix)","ALEX&RUS",https://www.shazam.com/track/486108838/-,486108838
51,2021-01-08,"Queen of Hearts","Starla Edney",https://www.shazam.com/track/509483997/queen-of-hearts,509483997
52,2021-01-08,"No Idea","Vorize",https://www.shazam.com/track/538836021/no-idea,538836021
53,2021-01-08,"Sastanaqqam","Randall & Tinariwen",https://www.shazam.com/track/504063053/sastanaqqam,504063053
54,2021-01-06,"Bonbon","Era Istrefi",https://www.shazam.com/track/327724461/bonbon,308571907
55,2021-01-04,"See The Way","The Chainsmokers Feat. Sabrina Claudio",https://www.shazam.com/track/504306815/see-the-way,504306815
56,2021-01-02,"Caramelldansen","Caramell",https://www.shazam.com/track/46562641/caramelldansen,46562641
57,2021-01-02,"Tie Me Down","Gryffin Feat. Elley Duhé",https://www.shazam.com/track/433248800/tie-me-down,433248800
58,2020-12-30,"Alane","Robin Schulz & Wes",https://www.shazam.com/track/523450819/alane,523450819
59,2020-12-23,"Mood (Remix)","24kGoldn, Justin Bieber, J Balvin & iann dior",https://www.shazam.com/track/543301660/mood-remix,543301660
60,2020-12-12,"All About the Bass","DJ JON-JAY",https://www.shazam.com/track/511892903/all-about-the-bass,511892903
61,2020-12-04,"2 Phút Hơn (KAIZ Remix)","Pháo",https://www.shazam.com/track/546891609/2-phút-hơn-kaiz-remix,546891609
62,2020-12-04,"Opaul","Freddie Dredd",https://www.shazam.com/track/416033951/opaul,416033951
63,2020-11-29,"The Nights","Avicii",https://www.shazam.com/track/221452681/the-nights,153449550
64,2020-11-29,"WTF","HUGEL Feat. Amber Van Day",https://www.shazam.com/track/451791175/wtf,451791175
65,2020-11-28,"No Idea","Vorize",https://www.shazam.com/track/538836021/no-idea,538836021
66,2020-11-28,"Falling","Trevor Daniel",https://www.shazam.com/track/442211179/falling,442211179
67,2020-11-28,"Love Your Voice","JONY",https://www.shazam.com/track/469901843/love-your-voice,469901843
68,2020-11-28,"Иса","Andro",https://www.shazam.com/track/488470155/-,488470155
69,2020-11-28,"Stop Drugs","Raghav Manhas",https://www.shazam.com/track/467725958/stop-drugs,467725958
70,2020-11-28,"Pyro","Chester Young & Castion",https://www.shazam.com/track/495585797/pyro,495585797
71,2020-11-28,"Queen of Hearts","Starla Edney",https://www.shazam.com/track/509483997/queen-of-hearts,509483997
72,2020-11-28,"Light","PLAGABOY",https://www.shazam.com/track/486376529/light,486376529
73,2020-11-28,"Лали","JONY",https://www.shazam.com/track/469901844/-,469901844
74,2020-11-28,"Him & I","G-Eazy & Halsey",https://www.shazam.com/track/384641865/him-and-i,384641865
75,2020-11-28,"Drüg","Lucky Luke & Emie",https://www.shazam.com/track/413364440/drüg,413364440
76,2020-11-28,"Far Alone (Alperen Karaman Remix)","G-Eazy Feat. Jay Ant",https://www.shazam.com/track/438613425/far-alone-alperen-karaman-remix,438613425
77,2020-11-16,"Paris","Willy William Feat. Cris Cab",https://www.shazam.com/track/321126629/paris,321126629
78,2020-11-16,"Freaks","Timmy Trumpet & Savage",https://www.shazam.com/track/137416438/freaks,137416438
79,2020-11-16,"Don't Kill My High","Lost Kings Feat. Wiz Khalifa & Social House",https://www.shazam.com/track/453663850/dont-kill-my-high,453663850
80,2020-11-16,"Swing","Savage Feat. Soulja Boy Tell 'Em",https://www.shazam.com/track/45917652/swing,45917652
81,2020-11-15,"Mood (Remix)","24kGoldn, Justin Bieber, J Balvin & iann dior",https://www.shazam.com/track/543301660/mood-remix,543301660
82,2020-11-08,"Welcome to the Party [From the "Deadpool 2" Original Motion Picture Soundtrack] [Mixed]","Diplo, French Montana & Lil Pump Feat. Zhavia Ward",https://www.shazam.com/track/455294939/welcome-to-the-party-from-the-deadpool-2-original-motion-picture-soundtrack-mixed,455294939
83,2020-11-06,"Bodies","Rowdy Rebel",https://www.shazam.com/track/157149396/bodies,157149396
84,2020-11-06,"Streets Favorite","Capone",https://www.shazam.com/track/41245965/streets-favorite,41245965
85,2020-11-03,"Ur So F**kInG cOoL","Tones And I",https://www.shazam.com/track/522481265/ur-so-fking-cool,522481265
86,2020-10-31,"Baila","Karl Wine Feat. Tampa Curhat & Tribal Kush",https://www.shazam.com/track/532526696/baila,532526696
87,2020-10-31,"Scam 1992 Theme Music","Achint Thakkar",https://www.shazam.com/track/541271897/scam-1992-theme-music,541271897
88,2020-10-30,"Something New","Axwell & Ingrosso",https://www.shazam.com/track/163275926/something-new,163275926
89,2020-10-23,"I Love It","Icona Pop Feat. Charli XCX",https://www.shazam.com/track/65363604/i-love-it,59658355
90,2020-10-22,"Murder On My Mind","YNW Melly",https://www.shazam.com/track/379142793/murder-on-my-mind,379142793
91,2020-10-22,"Monsters","All Time Low Feat. blackbear",https://www.shazam.com/track/510782150/monsters,510782150
92,2020-10-22,"Please Don't Go","Joel Adams",https://www.shazam.com/track/292932672/please-dont-go,292932672
93,2020-10-20,"Gone","Sem Feat. Ruely",https://www.shazam.com/track/538751986/gone,538751986
94,2020-10-20,"IDGAF","Besomorph & Silent Child",https://www.shazam.com/track/527493156/idgaf,527493156
95,2020-10-19,"Please Don't Go","Joel Adams",https://www.shazam.com/track/292932672/please-dont-go,292932672
96,2020-10-18,"Wahran","Randall",https://www.shazam.com/track/459798454/wahran,459798454
97,2020-10-16,"What You Know Bout Love","Pop Smoke",https://www.shazam.com/track/528456148/what-you-know-bout-love,528456148
98,2020-10-15,"Invisible Things","Lauv",https://www.shazam.com/track/498415790/invisible-things,498415790
99,2020-10-11,"Ruleta","INNA Feat. Erik",https://www.shazam.com/track/361286843/ruleta,361286843
100,2020-10-11,"The Moments I'm Missing","RANJI & WHITENO1SE Feat. Nina Nesbitt",https://www.shazam.com/track/470064181/the-moments-im-missing,470064181
101,2020-10-11,"Ilomilo","Billie Eilish",https://www.shazam.com/track/462599778/ilomilo,462599778
102,2020-10-10,"Wake up in the Sky","TRFN Feat. Siadou",https://www.shazam.com/track/469981558/wake-up-in-the-sky,469981558
103,2020-10-10,"See Me Fall (Y2k Remix)","Ro Ransom",https://www.shazam.com/track/362528387/see-me-fall-y2k-remix,362528387
104,2020-10-10,"Ciao Adios (Live)","Anne-Marie",https://www.shazam.com/track/342692507/ciao-adios-live,342692507
105,2020-10-10,"Obnimi (Callmearco Remix)","Okean Elzi",https://www.shazam.com/track/433920587/obnimi-callmearco-remix,433920587
106,2020-10-10,"Make You Mine","PUBLIC",https://www.shazam.com/track/155089195/make-you-mine,155089195
107,2020-10-10,"Him & I","G-Eazy & Halsey",https://www.shazam.com/track/384641865/him-and-i,384641865
108,2020-10-10,"Higher","The Score",https://www.shazam.com/track/347631993/higher,347631993
109,2020-10-10,"Lie","NF",https://www.shazam.com/track/373295013/lie,373295013
110,2020-10-10,"Masalei Ni","TM Bax",https://www.shazam.com/track/412043438/masalei-ni,412043438
111,2020-10-10,"Six Feet Under","Billie Eilish",https://www.shazam.com/track/322082695/six-feet-under,322082695
112,2020-10-10,"Ilomilo","Billie Eilish",https://www.shazam.com/track/462599778/ilomilo,462599778
113,2020-10-10,"İtibar","76 Kaos",https://www.shazam.com/track/519571138/i̇tibar,519571138
114,2020-10-10,"Please Don't Go","Joel Adams",https://www.shazam.com/track/292932672/please-dont-go,292932672
115,2020-10-10,"Lovely","Billie Eilish & Khalid",https://www.shazam.com/track/413168592/lovely,413168592
116,2020-10-10,"Nirvana","INNA",https://www.shazam.com/track/384733351/nirvana,384733351
117,2020-10-10,"No Idea","Don Toliver",https://www.shazam.com/track/469300548/no-idea,469300548
118,2020-10-10,"Elefante (Alexey Basyuk Remix)","NK",https://www.shazam.com/track/520587060/elefante-alexey-basyuk-remix,520587060
119,2020-10-10,"Bury A Friend (Lew Basso & Kean Dysso Remix)","Billie Eilish",https://www.shazam.com/track/460289121/bury-a-friend-lew-basso-and-kean-dysso-remix,460289121
120,2020-10-10,"Play Date","Melanie Martinez",https://www.shazam.com/track/279232782/play-date,279232782
121,2020-10-10,"Bilionera Remix","Arash Mohseni Feat. Otilia",https://www.shazam.com/track/404577786/bilionera-remix,404577786
122,2020-10-10,"Lullabies (Adventure Club Remix)","Yuna",https://www.shazam.com/track/74641258/lullabies-adventure-club-remix,74641258
123,2020-10-10,"Wahran","Randall",https://www.shazam.com/track/459798454/wahran,459798454
124,2020-10-10,"Do It","Ilkay Sencan",https://www.shazam.com/track/439656682/do-it,439656682
125,2020-10-10,"Into Your Arms","Witt Lowry Feat. Ava Max",https://www.shazam.com/track/423336107/into-your-arms,423336107
126,2020-10-10,"Far Alone (Alperen Karaman Remix)","G-Eazy Feat. Jay Ant",https://www.shazam.com/track/438613425/far-alone-alperen-karaman-remix,438613425
127,2020-10-10,"Falling","Trevor Daniel",https://www.shazam.com/track/442211179/falling,442211179
128,2020-10-10,"Roses (Imanbek Remix)","SAINt JHN",https://www.shazam.com/track/504687476/roses-imanbek-remix,469862641
129,2020-10-07,"I Want You To Freak","Rak-Su",https://www.shazam.com/track/439678752/i-want-you-to-freak,439678752
130,2020-10-05,"Play Date","Melanie Martinez",https://www.shazam.com/track/279232782/play-date,279232782
131,2020-10-04,"Play Date","Melanie Martinez",https://www.shazam.com/track/279232782/play-date,279232782
132,2020-10-04,"Your Woman","White Town",https://www.shazam.com/track/10532677/your-woman,3179779
133,2020-10-04,"Elefante (Alexey Basyuk Remix)","NK",https://www.shazam.com/track/520587060/elefante-alexey-basyuk-remix,520587060
134,2020-10-04,"All I Want","Kodaline",https://www.shazam.com/track/66028250/all-i-want,66028250
135,2020-10-04,"Love Your Voice","JONY",https://www.shazam.com/track/469901843/love-your-voice,469901843
136,2020-10-01,"Audio","LSD Feat. Sia, Diplo & Labrinth",https://www.shazam.com/track/416805370/audio,416805370
137,2020-09-30,"Why Do You Lie To Me","Topic & A7S Feat. Lil Baby",https://www.shazam.com/track/532667368/why-do-you-lie-to-me,532667368
138,2020-09-23,"Le Temps Est Bon","Bon Entendeur & Isabelle Pierre",https://www.shazam.com/track/367497694/le-temps-est-bon,367497694
139,2020-09-23,"I'd Love To Change The World (Matstubs Remix)","Jetta",https://www.shazam.com/track/231247661/id-love-to-change-the-world-matstubs-remix,231247661
140,2020-09-17,"Los Pro's","Kilyan",https://www.shazam.com/track/404077161/los-pros,404077161
141,2020-09-17,"That's Not My Name","The Ting Tings",https://www.shazam.com/track/45069118/thats-not-my-name,45069118
142,2020-09-17,"Sunny Night","Hi-Lo FQ",https://www.shazam.com/track/435908636/sunny-night,435908636
143,2020-09-17,"Overwhelmed (Oxide Daycore Version)","Royal & the Serpent",https://www.shazam.com/track/536391936/overwhelmed-oxide-daycore-version,536391936
144,2020-09-17,"Give It To Me Twice","Party Favor Feat. Sean Kingston & Rich The Kid",https://www.shazam.com/track/323851060/give-it-to-me-twice,323851060
145,2020-09-16,"Body To Body","Mike Perry Feat. Imani Williams",https://www.shazam.com/track/350448372/body-to-body,350448372
146,2020-09-13,"death bed (feat. beabadoobee) [coffee for your head]","Powfu",https://www.shazam.com/track/457848911/death-bed-feat-beabadoobee-coffee-for-your-head,457848911
147,2020-09-12,"Boom","Major Lazer",https://www.shazam.com/track/298772716/boom,298772716
148,2020-09-10,"What If","Johnny Orlando & Mackenzie Ziegler",https://www.shazam.com/track/414882620/what-if,414882620
149,2020-09-10,"Memories (Cover)","Dj Konsky",https://www.shazam.com/track/533744322/memories-cover,533744322
150,2020-09-10,"Speechless (Full)","Naomi Scott",https://www.shazam.com/track/466908726/speechless-full,466908726
151,2020-09-05,"Buttabomma (From "Ala Vaikunthapurramuloo")","Armaan Malik & S. Thaman",https://www.shazam.com/track/505430340/buttabomma-from-ala-vaikunthapurramuloo,505430340
152,2020-09-04,"Good Life","G-Eazy & Kehlani",https://www.shazam.com/track/344127193/good-life,344127193
153,2020-09-04,"The Cage (Original Mix)","JapaRoll",https://www.shazam.com/track/146792093/the-cage-original-mix,146792093
154,2020-09-04,"Something Just Like This (Live)","Color Music Choir",https://www.shazam.com/track/520293206/something-just-like-this-live,520293206
155,2020-08-25,"Go Dumb","Y2K & The Kid LAROI Feat. blackbear & Bankrol Hayden",https://www.shazam.com/track/511964643/go-dumb,511964643
156,2020-08-22,"How You Like That","BLACKPINK",https://www.shazam.com/track/526538828/how-you-like-that,526538828
157,2020-08-21,"The Next Episode (San Holo Remix)","Dr. Dre Feat. Snoop Dogg",https://www.shazam.com/track/143908400/the-next-episode-san-holo-remix,143908400
158,2020-08-21,"Patlamaya Devam","İsyan Tetick",https://www.shazam.com/track/531748510/patlamaya-devam,531748510
159,2020-08-21,"Single Pasanga (From "Natpe Thunai")","Hiphop Tamizha, Kaka Balachandar, Gana Ulagam Dharani & Arivu",https://www.shazam.com/track/463830964/single-pasanga-from-natpe-thunai,463830964
160,2020-08-20,"Boom","X Ambassadors",https://www.shazam.com/track/456208887/boom,456208887
161,2020-08-18,"Such a Whore (Stellular Remix)","Jvla",https://www.shazam.com/track/517965823/such-a-whore-stellular-remix,517965823
162,2020-08-17,"100 Bad Days","AJR",https://www.shazam.com/track/456308371/100-bad-days,456308371
163,2020-08-16,"Go F**k Yourself","Two Feet",https://www.shazam.com/track/317657806/go-fk-yourself,317657806
164,2020-02-26,"Satisfya","Imran Khan",https://www.shazam.com/track/89162557/satisfya,89162557
165,2020-02-26,"Weak","AJR",https://www.shazam.com/track/328706736/weak,328706736
166,2020-02-24,"Muévelo","Nicky Jam & Daddy Yankee",https://www.shazam.com/track/505648722/muévelo,505648722
167,2020-02-24,"Further Up (Na, Na, Na, Na, Na)","Static & Ben El & Pitbull",https://www.shazam.com/track/504835271/further-up-na-na-na-na-na,504835271
168,2020-02-24,"Nobody","Martin Jensen & James Arthur",https://www.shazam.com/track/459074947/nobody,459074947
169,2020-02-21,"Pool Party","Morninglightmusic",https://www.shazam.com/track/499668686/pool-party,499668686
170,2020-02-21,"Roxanne","Arizona Zervas",https://www.shazam.com/track/498633362/roxanne,498633362
171,2020-02-15,"Pøw","ZICO MC",https://www.shazam.com/track/452818394/pøw,452818394
172,2020-02-15,"Lily","Alan Walker, K-391 & Emelie Hollow",https://www.shazam.com/track/452613663/lily,452613663
173,2020-02-15,"Ego","Willy William",https://www.shazam.com/track/291724263/ego,291724263
174,2020-02-12,"Rueda","Chimbala",https://www.shazam.com/track/475317418/rueda,475317418
175,2020-02-09,"All Falls Down","Alan Walker Feat. Noah Cyrus & Digital Farm Animals",https://www.shazam.com/track/401741693/all-falls-down,380811591
176,2020-02-03,"This Girl","Kungs & Cookin' On 3 Burners",https://www.shazam.com/track/317723994/this-girl,312058991
177,2020-02-01,"Let Me Get Me","Selena Gomez",https://www.shazam.com/track/504818471/let-me-get-me,504818471
178,2020-01-28,"Just Wanna Love You","Cris Cab Feat. J Balvin",https://www.shazam.com/track/437892913/just-wanna-love-you,437892913
179,2020-01-25,"Wine It Up","Deadly Zoo & Donna Lugassy",https://www.shazam.com/track/428613944/wine-it-up,428613944
180,2020-01-20,"Further Up (Na, Na, Na, Na, Na)","Static & Ben El & Pitbull",https://www.shazam.com/track/504835271/further-up-na-na-na-na-na,504835271
181,2020-01-18,"Magnetic","MONSTA X & Sebastián Yatra",https://www.shazam.com/track/504778352/magnetic,504778352
182,2020-01-17,"Ellie","Regi Feat. Jake Reese",https://www.shazam.com/track/415814390/ellie,415814390
183,2020-01-17,"Panda","Desiigner",https://www.shazam.com/track/320450337/panda,304492410
184,2020-01-17,"Safari (N.O.A.H Remix)","Serena",https://www.shazam.com/track/409076057/safari-noah-remix,409076057
185,2020-01-15,"Writing On The Wall","French Montana Feat. Post Malone, Cardi B & Rvssian",https://www.shazam.com/track/498426165/writing-on-the-wall,498426165
186,2020-01-14,"Cantare","Pitbull Feat. Lenier",https://www.shazam.com/track/505137671/cantare,505137671
187,2020-01-11,"She Got Me","Luca Hänni",https://www.shazam.com/track/460171123/she-got-me,460171123
188,2020-01-09,"Sin Pijama","Becky G & Natti Natasha",https://www.shazam.com/track/414539168/sin-pijama,414539168
189,2020-01-08,"I'll Be There","Walk Off The Earth",https://www.shazam.com/track/483893440/ill-be-there,483893440
190,2020-01-08,"Lost Control","Alan Walker & Sorana",https://www.shazam.com/track/452613664/lost-control,452613664
191,2020-01-05,"Closer","The Chainsmokers Feat. Halsey",https://www.shazam.com/track/324443962/closer,324443962
192,2020-01-05,"Детство","Rauf & Faik",https://www.shazam.com/track/441267398/-,441267398
193,2020-01-05,"Lily","Alan Walker, K-391 & Emelie Hollow",https://www.shazam.com/track/452613663/lily,452613663
194,2020-01-04,"Cutting Shapes","Don Diablo",https://www.shazam.com/track/330575550/cutting-shapes,330575550
195,2020-01-04,"Waradda","Chethiya Lakshan",https://www.shazam.com/track/488068044/waradda,488068044
196,2020-01-04,"Me And My Broken Heart","Rixton",https://www.shazam.com/track/110467483/me-and-my-broken-heart,107063628
197,2020-01-04,"Hot Drum","JOYRYDE",https://www.shazam.com/track/329461563/hot-drum,329461563
198,2020-01-04,"Poison","Rita Ora",https://www.shazam.com/track/264126217/poison,264126217
199,2020-01-03,"Feel So Close","Calvin Harris",https://www.shazam.com/track/62587228/feel-so-close,53656356
200,2020-01-01,"Look At Her Now","Selena Gomez",https://www.shazam.com/track/499986168/look-at-her-now,499986168
201,2020-01-01,"Can We Kiss Forever?","Kina Feat. Adriana Proenza",https://www.shazam.com/track/438384697/can-we-kiss-forever,438384697
202,2019-12-29,"Rich Boy","Galantis",https://www.shazam.com/track/341555736/rich-boy,341555736
203,2019-12-28,"First Love","Lost Kings Feat. Sabrina Carpenter",https://www.shazam.com/track/366773016/first-love,366773016
204,2019-12-27,"Elevate","DJ Khalil, Denzel Curry, SwaVay, YBN Cordae & Trevor Rich",https://www.shazam.com/track/453486653/elevate,453486653
205,2019-12-27,"Later Bitches","The Prince Karma",https://www.shazam.com/track/402107013/later-bitches,402107013
206,2019-12-26,"Live Forever","Liam Payne & Cheat Codes",https://www.shazam.com/track/499250388/live-forever,499250388
207,2019-12-26,"The Fighter","Gym Class Heroes Feat. Ryan Tedder",https://www.shazam.com/track/54008991/the-fighter,54008991
208,2019-12-24,"Hate Me","Ellie Goulding & Juice WRLD",https://www.shazam.com/track/470489324/hate-me,470489324
209,2019-12-23,"Forever","ilyTOMMY",https://www.shazam.com/track/461399828/forever,461399828
210,2019-12-22,"Evapora","IZA & Ciara & Major Lazer",https://www.shazam.com/track/502664216/evapora,502664216
211,2019-12-21,"Lonely Together (Alan Walker Remix)","Avicii Feat. Rita Ora",https://www.shazam.com/track/382795136/lonely-together-alan-walker-remix,382795136
212,2019-12-21,"She Got Me / Posa Xerei (MAD VMA 2019)","Luca Hänni & Vangelis Kakouriotis",https://www.shazam.com/track/471225118/she-got-me-posa-xerei-mad-vma-2019,471225118
213,2019-12-18,"Do You?","TroyBoi",https://www.shazam.com/track/233620335/do-you,233620335
214,2019-12-18,"On My Own","Ashes Remain",https://www.shazam.com/track/53677537/on-my-own,53677537
215,2019-12-18,"Xiyonat","Ummon",https://www.shazam.com/track/92407910/xiyonat,92407910
216,2019-12-16,"Family","The Chainsmokers & Kygo",https://www.shazam.com/track/504306820/family,504306820
217,2019-12-15,"Shower","Becky G",https://www.shazam.com/track/114703843/shower,114703843
218,2019-12-13,"The Greatest","Sia",https://www.shazam.com/track/329549047/the-greatest,328951131
219,2019-12-08,"Suitcase","Sia",https://www.shazam.com/track/427964407/suitcase,427964407
220,2019-11-28,"Dance Monkey","Tones And I",https://www.shazam.com/track/466040067/dance-monkey,466040067
221,2019-11-27,"Memories","Maroon 5",https://www.shazam.com/track/498066273/memories,498066273
222,2019-11-26,"The Reason Why (R3HAB Remix)","JP Cooper, Banx & Ranx & Stefflon Don",https://www.shazam.com/track/499490089/the-reason-why-r3hab-remix,499490089
223,2019-11-23,"Li Wa","Atis Moy",https://www.shazam.com/track/408170574/li-wa,408170574
224,2019-11-22,"Get You The Moon","Kina",https://www.shazam.com/track/410545589/get-you-the-moon,410545589
225,2019-11-14,"Just Can't Get Enough","The Black Eyed Peas",https://www.shazam.com/track/52921116/just-cant-get-enough,52921116
226,2019-11-14,"Smack That","Akon Feat. Eminem",https://www.shazam.com/track/44493320/smack-that,44493320
227,2019-11-13,"One Thing Right","Marshmello & Kane Brown",https://www.shazam.com/track/470093029/one-thing-right,470093029
228,2019-10-22,"Alarm (Marshmello Remix)","Anne-Marie",https://www.shazam.com/track/322307996/alarm-marshmello-remix,322307996
229,2019-10-18,"It's Tricky","Run-DMC",https://www.shazam.com/track/237030/its-tricky,237030
230,2019-10-17,"Stay The Night","Zedd Feat. Hayley Williams",https://www.shazam.com/track/98156780/stay-the-night,96136996
231,2019-10-16,"Run Boy Run","Woodkid",https://www.shazam.com/track/59326456/run-boy-run,59326456
232,2019-10-15,"Good News","Apashe",https://www.shazam.com/track/458262225/good-news,458262225
233,2019-10-15,"Majesty","Apashe",https://www.shazam.com/track/407206967/majesty,407206967
234,2019-10-13,"Sober","G-Eazy Feat. Charlie Puth",https://www.shazam.com/track/385018574/sober,385018574
235,2019-10-12,"No","Meghan Trainor",https://www.shazam.com/track/313186019/no,313186019
236,2019-10-12,"Hex","Ark Patrol",https://www.shazam.com/track/312833435/hex,312833435
237,2019-10-11,"Setting Fires","The Chainsmokers Feat. XYLØ",https://www.shazam.com/track/334068110/setting-fires,334068110
238,2019-10-08,"Good To Be Alive (Hallelujah)","Andy Grammer",https://www.shazam.com/track/282604917/good-to-be-alive-hallelujah,282604917
239,2019-10-05,"Pyar Karke","Labh Janjua",https://www.shazam.com/track/44924453/pyar-karke,44924453
240,2019-10-05,"gone girl","iann dior Feat. Trippie Redd",https://www.shazam.com/track/471157696/gone-girl,471157696
241,2019-10-03,"Hate How Much I Love You","Conor Maynard",https://www.shazam.com/track/470857364/hate-how-much-i-love-you,470857364
242,2019-10-03,"Mad Love","Sean Paul & David Guetta Feat. Becky G",https://www.shazam.com/track/424744848/mad-love,406085553
243,2019-09-28,"The Next Episode","Dr. Dre Feat. Snoop Dogg",https://www.shazam.com/track/10525716/the-next-episode,230068
244,2019-09-27,"Look At Me Now","Chris Brown Feat. Busta Rhymes & Lil Wayne",https://www.shazam.com/track/53594424/look-at-me-now,53047208
245,2019-09-27,"Good To Be Alive (Hallelujah)","Andy Grammer",https://www.shazam.com/track/282604917/good-to-be-alive-hallelujah,282604917
246,2019-09-20,"The Horns (Remix)","DJ Katch Feat. Greg Nice & DJ Kool",https://www.shazam.com/track/297608141/the-horns-remix,297608141
247,2019-09-19,"Home","Martin Garrix & Bonn",https://www.shazam.com/track/484410082/home,484410082
248,2019-09-16,"Die Young","Ke$ha",https://www.shazam.com/track/68261437/die-young,68261437
249,2019-09-12,"Pop Out","Polo G Feat. Lil Tjay",https://www.shazam.com/track/455863663/pop-out,455863663
250,2019-09-12,"What About Us (Tiësto's Aftr:Hrs Remix)","P!nk",https://www.shazam.com/track/379078362/what-about-us-tiëstos-aftrhrs-remix,379078362
251,2019-09-11,"Aaley Katha","Iraj",https://www.shazam.com/track/450272593/aaley-katha,450272593
252,2019-09-10,"Stay The Night","Zedd Feat. Hayley Williams",https://www.shazam.com/track/98156780/stay-the-night,96136996
253,2019-09-08,"Falling","Trevor Daniel",https://www.shazam.com/track/442211179/falling,442211179
254,2019-09-08,"Hislerim","Serhat Durmus Feat. Zerrin",https://www.shazam.com/track/435739670/hislerim,435739670
255,2019-09-08,"Turn Down For What","DJ Snake & Lil Jon",https://www.shazam.com/track/96663378/turn-down-for-what,96191042
256,2019-09-08,"Playa Grande","Sofi Tukker & Bomba Estéreo",https://www.shazam.com/track/467961238/playa-grande,467961238
257,2019-09-08,"No More Sad Songs","Little Mix Feat. Machine Gun Kelly",https://www.shazam.com/track/342507231/no-more-sad-songs,342507231
258,2019-09-04,"Shoulda Known Better","MKTO",https://www.shazam.com/track/468918584/shoulda-known-better,468918584
259,2019-09-04,"Can't Stop Me","Afrojack & Shermanology",https://www.shazam.com/track/57447453/cant-stop-me,57447453
260,2019-09-03,"Takeaway","The Chainsmokers & ILLENIUM Feat. Lennon Stella",https://www.shazam.com/track/471800826/takeaway,471800826
261,2019-09-02,"Pumped Up Kicks","Foster The People",https://www.shazam.com/track/52499799/pumped-up-kicks,52499799
262,2019-08-31,"Until You Were Gone","The Chainsmokers & Tritonal Feat. Emily Warren",https://www.shazam.com/track/280903249/until-you-were-gone,280903249
263,2019-08-31,"Calabria 2007","Enur Feat. Natasja",https://www.shazam.com/track/44938909/calabria-2007,44938909
264,2019-08-30,"Marilyn","Alexa Goddard",https://www.shazam.com/track/124231367/marilyn,124231367
265,2019-08-29,"Room to Fall","Marshmello & Flux Pavilion Feat. Elohim",https://www.shazam.com/track/470381091/room-to-fall,470381091
266,2019-08-28,"Good Life","OneRepublic",https://www.shazam.com/track/51064530/good-life,50997456
267,2019-08-28,"Ugly Heart","G.R.L.",https://www.shazam.com/track/142160885/ugly-heart,109178896
268,2019-08-27,"One Thing Right","Marshmello & Kane Brown",https://www.shazam.com/track/470093029/one-thing-right,470093029
269,2019-08-27,"Mal Hbibi","Saad Lamjarred",https://www.shazam.com/track/159926723/mal-hbibi,159926723
270,2019-08-27,"Dream It Possible","Delacey",https://www.shazam.com/track/340918648/dream-it-possible,340918648
271,2019-08-27,"Paradise (Swacq Remix)","Bazzi Vs.",https://www.shazam.com/track/470842028/-,470842028
272,2019-08-27,"Satisfya","Imran Khan",https://www.shazam.com/track/89162557/satisfya,89162557
273,2019-08-27,"Fly","Fransis Derelle Feat. Parker Polhill",https://www.shazam.com/track/324194620/fly,324194620
274,2019-08-27,"Sugar & Brownies","DHARIA",https://www.shazam.com/track/445092716/sugar-and-brownies,445092716
275,2019-08-27,"Derniere Danse (Nicebeatzprod. Remix)","Indila",https://www.shazam.com/track/416373218/derniere-danse-nicebeatzprod-remix,416373218
276,2019-08-26,"Shoulda Known Better","MKTO",https://www.shazam.com/track/468918584/shoulda-known-better,468918584
277,2019-08-25,"Small Talk","Katy Perry",https://www.shazam.com/track/482740631/small-talk,482740631
278,2019-08-21,"Fantasy","Sofi Tukker",https://www.shazam.com/track/460224138/fantasy,460224138
279,2019-08-21,"By Your Side","Jonas Blue Feat. RAYE",https://www.shazam.com/track/331175091/by-your-side,331175091
280,2019-08-20,"I Love It When You Cry (Moxoki)","Steve Aoki & Moxie Raia",https://www.shazam.com/track/227704799/i-love-it-when-you-cry-moxoki,227704799
281,2019-08-19,"Can't Stop Me","Afrojack & Shermanology",https://www.shazam.com/track/57447453/cant-stop-me,57447453
282,2019-08-18,"Last Friday Night (T.G.I.F.)","Katy Perry",https://www.shazam.com/track/52639454/last-friday-night-tgif,52639454
283,2019-08-18,"Save A Little Love","Don Diablo",https://www.shazam.com/track/357502653/save-a-little-love,357502653
284,2019-08-16,"Chain Hang Low (Crizzly & AFK Remix)","Jibbs",https://www.shazam.com/track/345737468/chain-hang-low-crizzly-and-afk-remix,345737468
285,2019-08-13,"Post Malone","Sam Feldt Feat. RANI",https://www.shazam.com/track/467080200/post-malone,467080200
286,2019-08-12,"Summer Air (Extended Mix)","Hardwell Feat. Trevor Guthrie",https://www.shazam.com/track/467924536/summer-air-extended-mix,467924536
287,2019-08-12,"Wasted","Tiësto Feat. Matthew Koma",https://www.shazam.com/track/114857659/wasted,111769859
288,2019-08-11,"Latency","Martin Garrix & Dyro",https://www.shazam.com/track/443487232/latency,443487232
289,2019-08-11,"Mal Hbibi","Saad Lamjarred",https://www.shazam.com/track/159926723/mal-hbibi,159926723
290,2019-08-11,"Mi Gente (Hugel Remix)","J Balvin & Willy William & Hugel",https://www.shazam.com/track/381097934/mi-gente-hugel-remix,381097934
291,2019-08-11,"Aku Jijik","Sandrina",https://www.shazam.com/track/434346217/aku-jijik,434346217
292,2019-08-11,"Used To Be","GASHI",https://www.shazam.com/track/401912491/used-to-be,401912491
293,2019-08-11,"Trabaja","DJ Pirata Feat. El Kaio & Maxi Gen",https://www.shazam.com/track/413341764/trabaja,413341764
294,2019-08-11,"Runaway","Sebastián Yatra & Daddy Yankee & Natti Natasha feat. Jonas Brothers",https://www.shazam.com/track/469769765/runaway,469769765
295,2019-08-11,"Hate Me","Ellie Goulding & Juice WRLD",https://www.shazam.com/track/470489324/hate-me,470489324
296,2019-08-07,"Room to Fall","Marshmello & Flux Pavilion Feat. Elohim",https://www.shazam.com/track/470381091/room-to-fall,470381091
297,2019-08-07,"One Thing Right","Marshmello & Kane Brown",https://www.shazam.com/track/470093029/one-thing-right,470093029
298,2019-08-04,"Peer Pressure","James Bay & Julia Michaels",https://www.shazam.com/track/458946357/peer-pressure,458946357
299,2019-08-03,"Sweetest Girl","Trae tha Truth Feat. Lil Wayne",https://www.shazam.com/track/55413264/sweetest-girl,55413264
300,2019-08-01,"The Same Way","Don Diablo Feat. KiFi",https://www.shazam.com/track/476852088/the-same-way,476852088
301,2019-08-01,"I Will Be Ok (Flyboy Remix)","Flyboy & The Onyx Twins Feat. Coby Grant",https://www.shazam.com/track/319768960/i-will-be-ok-flyboy-remix,319768960
302,2019-07-31,"Real Friends","Camila Cabello Feat. Swae Lee",https://www.shazam.com/track/436028342/real-friends,436028342
303,2019-07-31,"Real Friends","Camila Cabello",https://www.shazam.com/track/385388145/real-friends,385388145
304,2019-07-31,"Takeaway","The Chainsmokers & ILLENIUM Feat. Lennon Stella",https://www.shazam.com/track/471800826/takeaway,471800826
305,2019-07-30,"Leave A Light On (Cheat Codes Remix)","Tom Walker",https://www.shazam.com/track/413497316/leave-a-light-on-cheat-codes-remix,413497316
306,2019-07-30,"My Way","Nicky Romero Feat. Alice Berg",https://www.shazam.com/track/447329988/my-way,447329988
307,2019-07-29,"One Last Time","Ariana Grande",https://www.shazam.com/track/147529462/one-last-time,147529462
308,2019-07-28,"On My Way","Alan Walker, Sabrina Carpenter & Farruko",https://www.shazam.com/track/461225462/on-my-way,461225462
309,2019-07-28,"Find You","Nick Jonas",https://www.shazam.com/track/374098377/find-you,374098377
310,2019-07-28,"Fade Out","SeeB, Olivia O'Brien & Space Primates",https://www.shazam.com/track/466393237/fade-out,466393237
311,2019-07-26,"Hula Hoop","OMI",https://www.shazam.com/track/280777740/hula-hoop,280777740
312,2019-07-25,"Sugar & Brownies","DHARIA",https://www.shazam.com/track/445092716/sugar-and-brownies,445092716
313,2019-07-25,"Uno Más","N.O.R.E. Feat. Pharrell Williams",https://www.shazam.com/track/372880524/uno-más,372880524
314,2019-07-25,"Uno Más","N.O.R.E. Feat. Pharrell Williams",https://www.shazam.com/track/372880524/uno-más,372880524
315,2019-07-25,"Leave A Light On (Cheat Codes Remix)","Tom Walker",https://www.shazam.com/track/413497316/leave-a-light-on-cheat-codes-remix,413497316
316,2019-07-24,"Answerphone","Banx & Ranx + Ella Eyre Feat. Yxng Bane",https://www.shazam.com/track/408335323/answerphone,408335323
317,2019-07-19,"Move Your Body (Alan Walker Remix)","Sia",https://www.shazam.com/track/331817623/move-your-body-alan-walker-remix,331817623
318,2019-07-19,"Bara Bere (Burak Balkan Remix 2019)","Alex Ferrari",https://www.shazam.com/track/450950017/bara-bere-burak-balkan-remix-2019,450950017
319,2019-07-19,"I Got My Eye On You (Cristian Marchi & Paolo Sandrini Perfect Mix)","Nari & Milani & Cristian Marchi Feat. Luciana",https://www.shazam.com/track/52197492/i-got-my-eye-on-you-cristian-marchi-and-paolo-sandrini-perfect-mix,52197492
320,2019-07-19,"Despacito (Marimba Remix)","The Marimba Squad",https://www.shazam.com/track/355554786/despacito-marimba-remix,355554786
321,2019-07-19,"Tokyo Drift (Fast & Furious)","TERIYAKI BOYZ",https://www.shazam.com/track/44344060/tokyo-drift-fast-and-furious,44344060
322,2019-07-19,"Vexed","MEMBA & WiDE AWAKE Feat. Xo Man",https://www.shazam.com/track/434175367/vexed,434175367
323,2019-07-19,"Thug Life (Original Mix)","Richard Grey",https://www.shazam.com/track/301392107/thug-life-original-mix,301392107
324,2019-07-19,"Sugar & Brownies","DHARIA",https://www.shazam.com/track/445092716/sugar-and-brownies,445092716
325,2019-07-19,"Annihilate (Extended Mix)","HiRAPARK & VIVID",https://www.shazam.com/track/419474437/annihilate-extended-mix,419474437
326,2019-07-19,"Two Of Us","Louis Tomlinson",https://www.shazam.com/track/459780647/two-of-us,459780647
327,2019-07-19,"Steppin'","Supa Dupa Humble Feat. Mills Supreme",https://www.shazam.com/track/359939380/steppin,359939380
328,2019-07-19,"Bad Boy","Tungevaag & Raaban Feat. Luana Kiara",https://www.shazam.com/track/436790110/bad-boy,436790110
329,2019-07-19,"In The End (Mellen Gi Remix)","Tommee Profitt Feat. Fleurie",https://www.shazam.com/track/444129325/in-the-end-mellen-gi-remix,444129325
330,2019-07-18,"Answerphone","Banx & Ranx + Ella Eyre Feat. Yxng Bane",https://www.shazam.com/track/408335323/answerphone,408335323
331,2019-07-18,"Stand By (#CWC19)","LORYN Feat. Rudimental",https://www.shazam.com/track/466608553/stand-by-cwc19,466608553
332,2019-07-17,"Rest Of My Life","Ludacris Feat. Usher & David Guetta",https://www.shazam.com/track/73471063/rest-of-my-life,73471063
333,2019-07-15,"Nice For What","Drake",https://www.shazam.com/track/413172299/nice-for-what,413172299
334,2019-07-15,"Nice For What","Drake",https://www.shazam.com/track/413172299/nice-for-what,413172299
335,2019-07-15,"Beautiful People","Ed Sheeran Feat. Khalid",https://www.shazam.com/track/470833281/beautiful-people,470833281
336,2019-07-14,"Carry On (From “POKÉMON Detective Pikachu”)","Kygo & Rita Ora",https://www.shazam.com/track/464051967/carry-on-from-pokémon-detective-pikachu,464051967
337,2019-07-14,"What I Like About You","Jonas Blue Feat. Theresa Rex",https://www.shazam.com/track/461375958/what-i-like-about-you,461375958
338,2019-07-08,"Next To You","Digital Farm Animals & Becky G & Rvssian",https://www.shazam.com/track/465408543/next-to-you,465408543
339,2019-07-07,"Grip","Seeb & Bastille",https://www.shazam.com/track/451427819/grip,451427819
340,2019-07-07,"Darkside","Alan Walker Feat. Au/Ra & Tomine Harket",https://www.shazam.com/track/432338272/darkside,432338272
341,2019-07-07,"Earth","Lil Dicky",https://www.shazam.com/track/464666952/earth,464666952
342,2019-07-07,"bad guy","Billie Eilish",https://www.shazam.com/track/462599767/bad-guy,462599767
343,2019-07-06,"Que Me Baile","ChocQuibTown & Becky G.",https://www.shazam.com/track/470526939/que-me-baile,470526939
344,2019-07-04,"No New Friends","LSD Feat. Sia & Diplo & Labrinth",https://www.shazam.com/track/461616211/no-new-friends,461616211
345,2019-07-02,"Spicy","Herve Pagez & Diplo Feat. Charli XCX",https://www.shazam.com/track/461572698/spicy,461572698
346,2019-07-01,"MEGATRON","Nicki Minaj",https://www.shazam.com/track/470328670/megatron,470328670
347,2019-07-01,"In My Mind","Dynoro & Gigi D’Agostino",https://www.shazam.com/track/383727904/in-my-mind,383727904
348,2019-06-28,"Five More Hours","Chris Brown & Deorro",https://www.shazam.com/track/251194572/five-more-hours,236530616
349,2019-06-28,"Traag","Bizzey Feat. Jozo & Kraantje Pappie",https://www.shazam.com/track/356028800/traag,356028800
350,2019-06-28,"bad guy","Billie Eilish",https://www.shazam.com/track/462599767/bad-guy,462599767
351,2019-06-27,"We Can Get High","Galantis & Yellow Claw",https://www.shazam.com/track/469518013/we-can-get-high,469518013
352,2019-06-26,"365","Zedd & Katy Perry",https://www.shazam.com/track/458070691/365,458070691
353,2019-06-26,"Spicy","Herve Pagez & Diplo Feat. Charli XCX",https://www.shazam.com/track/461572698/spicy,461572698
354,2019-06-25,"Not Ok","Kygo & Chelsea Cutler",https://www.shazam.com/track/467934809/not-ok,467934809
355,2019-06-22,"Thinking About You (Festival Mix)","Axwell & Ingrosso",https://www.shazam.com/track/322851007/thinking-about-you-festival-mix,322851007
356,2019-06-22,"Give Me A Try (Don Diablo Remix)","The Wombats",https://www.shazam.com/track/268447515/give-me-a-try-don-diablo-remix,268447515
357,2019-06-22,"Starlight (Could You Be Mine)","Don Diablo & Matt Nash",https://www.shazam.com/track/93714723/starlight-could-you-be-mine,93714723
358,2019-06-20,"Rescue Me","Marshmello Feat. A Day to Remember",https://www.shazam.com/track/469727993/rescue-me,469727993
359,2019-06-20,"Rescue Me","Marshmello Feat. A Day to Remember",https://www.shazam.com/track/469727993/rescue-me,469727993
360,2019-06-20,"Rescue Me","Marshmello Feat. A Day to Remember",https://www.shazam.com/track/469727993/rescue-me,469727993
361,2019-06-19,"All The Lies","Alok, Felix Jaehn & The Vamps",https://www.shazam.com/track/460490259/all-the-lies,460490259
362,2019-06-18,"I Don't Care","Ed Sheeran & Justin Bieber",https://www.shazam.com/track/466605318/i-dont-care,466605318
363,2019-05-19,"Dessert (Remix)","Dawin Feat. Silentó",https://www.shazam.com/track/285364144/dessert-remix,285364144
364,2019-05-16,"Bola Rebola","Tropkillaz, J. Balvin, Anitta & MC Zaac",https://www.shazam.com/track/459053202/bola-rebola,459053202
365,2019-05-16,"I'm So Tired...","Lauv & Troye Sivan",https://www.shazam.com/track/456002346/im-so-tired,456002346
366,2019-05-16,"We Don't Care","Sigala & The Vamps",https://www.shazam.com/track/431391721/we-dont-care,431391721
367,2019-05-15,"Changes","XXXTENTACION",https://www.shazam.com/track/409026295/changes,409026295
368,2019-05-15,"Home","Cheat Codes",https://www.shazam.com/track/442695984/home,442695984
369,2019-05-15,"Home","Cheat Codes",https://www.shazam.com/track/442695984/home,442695984
370,2019-05-12,"Love Lies","Khalid & Normani",https://www.shazam.com/track/406963625/love-lies,406963625
371,2019-05-12,"Love Lies","Khalid & Normani",https://www.shazam.com/track/406963625/love-lies,406963625
372,2019-05-07,"We Don't Care","Sigala & The Vamps",https://www.shazam.com/track/431391721/we-dont-care,431391721
373,2019-05-07,"Ooh Ahh (My Life Be Like)","Grits Feat. Toby Mac",https://www.shazam.com/track/46946802/ooh-ahh-my-life-be-like,46946802
374,2019-05-06,"Sweet But Psycho","Ava Max",https://www.shazam.com/track/420368420/sweet-but-psycho,420368420
375,2019-05-06,"All In My Head (Flex)","Fifth Harmony Feat. Fetty Wap",https://www.shazam.com/track/319345920/all-in-my-head-flex,319345920
376,2019-05-02,"Con Calma [Remix]","Daddy Yankee & Katy Perry Feat. Snow",https://www.shazam.com/track/465278048/con-calma-remix,465278048
377,2019-04-30,"Lucid Dreams","Juice WRLD",https://www.shazam.com/track/407592725/lucid-dreams,407592725
378,2019-04-23,"Andiamo","Ardian Bujupi Feat. Capital T",https://www.shazam.com/track/368263594/andiamo,368263594
379,2019-04-23,"Sorry (Trap)","Kana",https://www.shazam.com/track/427174228/sorry-trap,427174228
380,2019-04-23,"我欲度你成佛 你却逼我成魔","承利",https://www.shazam.com/track/432486638/-,432486638
381,2019-04-20,"Let Me Go","Hailee Steinfeld & Alesso Feat. Florida Georgia Line & Watt",https://www.shazam.com/track/373901396/let-me-go,373901396
382,2019-04-19,"Runaway (U & I)","Galantis",https://www.shazam.com/track/153922708/runaway-u-and-i,153922708
383,2019-04-18,"Hello","Martin Solveig & Dragonette",https://www.shazam.com/track/53765325/hello,52700762
384,2019-04-17,"Never Let You Go","Slushii Feat. Sofía Reyes",https://www.shazam.com/track/455149972/never-let-you-go,455149972
385,2019-04-16,"Move Your Body (Alan Walker Remix)","Sia",https://www.shazam.com/track/331817623/move-your-body-alan-walker-remix,331817623
386,2019-04-16,"Barking","Ramz",https://www.shazam.com/track/402852794/barking,402852794
387,2019-04-16,"Tera Yaar Hoon Main","Arijit Singh",https://www.shazam.com/track/407683428/tera-yaar-hoon-main,407683428
388,2019-04-16,"Wolves (Kane Cooper Remix)","Selena Gomez & Marshmello",https://www.shazam.com/track/402832636/wolves-kane-cooper-remix,402832636
389,2019-04-14,"Treat You Better","Shawn Mendes",https://www.shazam.com/track/319570836/treat-you-better,319570836
390,2019-04-14,"Another You","Armin Van Buuren Feat. Mr. Probz",https://www.shazam.com/track/248000877/another-you,248000877
391,2019-04-14,"Bend Ova","Lil Jon Feat. Tyga",https://www.shazam.com/track/117897684/bend-ova,117897684
392,2019-04-14,"Tic Toc","Rich The Kid & Tory Lanez",https://www.shazam.com/track/461116542/tic-toc,461116542
393,2019-04-14,"Wonderland","Taylor Swift",https://www.shazam.com/track/157911783/wonderland,157911783
394,2019-04-13,"The Middle (Japaroll Remix)","Zedd & Maren Morris & Grey",https://www.shazam.com/track/411412467/the-middle-japaroll-remix,411412467
395,2019-04-12,"Honey, I'm Good","Andy Grammer",https://www.shazam.com/track/138293372/honey-im-good,138293372
396,2019-04-12,"Runaway (U & I)","Galantis",https://www.shazam.com/track/153922708/runaway-u-and-i,153922708
397,2019-04-11,"Without Me","Halsey",https://www.shazam.com/track/441990739/without-me,441990739
398,2019-04-11,"All Around The World (La La La)","R3HAB & A Touch Of Class",https://www.shazam.com/track/462654090/all-around-the-world-la-la-la,462654090
399,2019-04-11,"Mistaken","Martin Garrix & Matisse & Sadko Feat. Alex Aris",https://www.shazam.com/track/461948589/mistaken,461948589
400,2019-04-11,"One Day (Extended Mix)","Sam Feldt & Yves V Feat. ROZES",https://www.shazam.com/track/462999066/one-day-extended-mix,462999066
401,2019-04-11,"Wild","Jonas Blue Feat. Chelcee Grimes, TINI & Jhay Cortez",https://www.shazam.com/track/442102112/wild,442102112
402,2019-04-10,"We Don't Care","Sigala & The Vamps",https://www.shazam.com/track/431391721/we-dont-care,431391721
403,2019-04-09,"Counting Stars","OneRepublic",https://www.shazam.com/track/83147960/counting-stars,83147960
404,2019-04-09,"Mama","Clean Bandit Feat. Ellie Goulding",https://www.shazam.com/track/450787025/mama,450787025
405,2019-04-08,"Blood//Water","Grandson",https://www.shazam.com/track/380722565/bloodwater,380722565
406,2019-04-07,"Mama","Clean Bandit Feat. Ellie Goulding",https://www.shazam.com/track/450787025/mama,450787025
407,2019-04-07,"Mama","Clean Bandit Feat. Ellie Goulding",https://www.shazam.com/track/450787025/mama,450787025
408,2019-04-05,"Killstation Exxidae","N0N UPL04D SONGS",https://www.shazam.com/track/342658749/killstation-exxidae,342658749
409,2019-04-03,"Better Now","Post Malone",https://www.shazam.com/track/415589999/better-now,415589999
410,2019-04-03,"Nothin' On You","B.O.B Feat. Bruno Mars",https://www.shazam.com/track/52456607/nothin-on-you,51508628
411,2019-04-02,"Bad Boy","Tungevaag & Raaban Feat. Luana Kiara",https://www.shazam.com/track/436790110/bad-boy,436790110
412,2019-04-02,"Can't Hold Us","Macklemore & Ryan Lewis Feat. Ray Dalton",https://www.shazam.com/track/53754394/cant-hold-us,53754394
413,2019-04-01,"Sexo","Residente & Dillon Francis Feat. ILe",https://www.shazam.com/track/413498856/sexo,413498856
414,2019-03-29,"Last Hurrah","Bebe Rexha",https://www.shazam.com/track/457994387/last-hurrah,457994387
415,2019-03-28,"Good For You","Selena Gomez Feat. A$AP Rocky",https://www.shazam.com/track/271310101/good-for-you,271310101
416,2019-03-27,"All Time Low (Shew Remix)","Jon Bellion",https://www.shazam.com/track/340995877/all-time-low-shew-remix,340995877
417,2019-03-27,"Like I Love You","Lost Frequencies Feat. The NGHBRS",https://www.shazam.com/track/436563638/like-i-love-you,436563638
418,2019-03-25,"Tied Up","Major Lazer Feat. Mr Eazi & RAYE & Jake Gosling",https://www.shazam.com/track/440455184/tied-up,440455184
419,2019-03-22,"Anchor","Tritonal",https://www.shazam.com/track/148450846/anchor,148450846
420,2019-03-21,"I'm Not Sorry","Hardwell & Mike Williams",https://www.shazam.com/track/458148741/im-not-sorry,458148741
421,2019-03-20,"Sweet Escape","Alesso Feat. Sirena",https://www.shazam.com/track/255405630/sweet-escape,255405630
422,2019-03-20,"Silent Movies","Madisen Ward And The Mama Bear",https://www.shazam.com/track/93940478/silent-movies,93940478
423,2019-03-16,"Kuaga","Pierce Fulton",https://www.shazam.com/track/142940565/kuaga,142940565
424,2019-03-15,"We Own The Night (The Chainsmokers Extended)","The Wanted",https://www.shazam.com/track/98826665/we-own-the-night-the-chainsmokers-extended,98826665
425,2019-03-10,"Dying For You","Otto Knows & Lindsey Stirling Feat. Alex Aris",https://www.shazam.com/track/294666102/dying-for-you,294666102
426,2019-03-08,"Calabria (Ziggy & Chick Flix 2018 Remix)","Basshall Movement & Enur Feat. Natasja",https://www.shazam.com/track/442987216/calabria-ziggy-and-chick-flix-2018-remix,442987216
427,2019-03-08,"Astronomia (Zac Waters Remix)","Tony Igy",https://www.shazam.com/track/438164184/astronomia-zac-waters-remix,438164184
428,2019-03-08,"We Own The Night (The Chainsmokers Extended)","The Wanted",https://www.shazam.com/track/98826665/we-own-the-night-the-chainsmokers-extended,98826665
429,2019-03-07,"Bad Girls","MKTO",https://www.shazam.com/track/262253940/bad-girls,262253940
430,2019-03-07,"Next To Me","Otto Knows",https://www.shazam.com/track/242753099/next-to-me,242753099
431,2019-03-07,"Nothing Breaks Like A Heart","Mark Ronson Feat. Miley Cyrus",https://www.shazam.com/track/451333839/nothing-breaks-like-a-heart,451333839
432,2019-03-07,"Nothing Breaks Like A Heart","Mark Ronson Feat. Miley Cyrus",https://www.shazam.com/track/451333839/nothing-breaks-like-a-heart,451333839
433,2019-03-07,"Symphony","Clean Bandit Feat. Zara Larsson",https://www.shazam.com/track/342980369/symphony,342980369
434,2019-03-07,"Wildfire","DJ Katch Feat. Ce'Cile & Shane Eli",https://www.shazam.com/track/427164501/wildfire,427164501
435,2019-03-07,"Arena","Fabian Mazur & Snavs",https://www.shazam.com/track/374589208/arena,374589208
436,2019-03-07,"On My Side","Adryiano",https://www.shazam.com/track/149923948/on-my-side,149923948
437,2019-03-05,"Stole The Show","Kygo Feat. Parson James",https://www.shazam.com/track/240086584/stole-the-show,240086584
438,2019-03-05,"Girls On Boys","Galantis & ROZES",https://www.shazam.com/track/372306366/girls-on-boys,372306366
439,2019-03-04,"Later Bitches","The Prince Karma",https://www.shazam.com/track/402107013/later-bitches,402107013
440,2019-03-04,"Later Bitches","The Prince Karma",https://www.shazam.com/track/402107013/later-bitches,402107013
441,2019-03-03,"I'm A Mess","Bebe Rexha",https://www.shazam.com/track/427073025/im-a-mess,427073025
442,2019-03-03,"Back & Forth","MK, Jonas Blue & Becky Hill",https://www.shazam.com/track/437804832/back-and-forth,437804832
443,2019-03-03,"Rewrite The Stars","James Arthur & Anne-Marie",https://www.shazam.com/track/448053047/rewrite-the-stars,448053047
444,2019-03-03,"No Sleep","Martin Garrix Feat. Bonn",https://www.shazam.com/track/459439884/no-sleep,459439884
445,2019-03-03,"This Feeling","The Chainsmokers Feat. Kelsea Ballerini",https://www.shazam.com/track/438870908/this-feeling,438870908
446,2019-03-02,"Like I Love You","Lost Frequencies Feat. The NGHBRS",https://www.shazam.com/track/436563638/like-i-love-you,436563638
447,2019-03-02,"I'm So Tired...","Lauv & Troye Sivan",https://www.shazam.com/track/456002346/im-so-tired,456002346
448,2019-03-02,"Bones","Galantis Feat. OneRepublic",https://www.shazam.com/track/456739377/bones,456739377
449,2019-03-02,"Glad You Came","The Wanted",https://www.shazam.com/track/54552374/glad-you-came,53633366
450,2019-03-02,"Got The Love (Extended Mix)","Don Diablo & Khrebto",https://www.shazam.com/track/291111397/got-the-love-extended-mix,291111397
451,2019-03-01,"Calling (Original Instrumental Mix)","Sebastian Ingrosso & Alesso",https://www.shazam.com/track/54010708/calling-original-instrumental-mix,54010708
452,2019-03-01,"Like I Love You","Lost Frequencies Feat. The NGHBRS",https://www.shazam.com/track/436563638/like-i-love-you,436563638
453,2019-02-28,"Don't Leave Me Alone","David Guetta Feat. Anne-Marie",https://www.shazam.com/track/432521592/dont-leave-me-alone,432521592
454,2019-02-28,"I Want You To Know","Zedd Feat. Selena Gomez",https://www.shazam.com/track/233317830/i-want-you-to-know,233317830
455,2019-02-28,"All My Love","Major Lazer Feat. Ariana Grande",https://www.shazam.com/track/160496068/all-my-love,160496068
456,2019-02-28,"Let Me Go","Hailee Steinfeld & Alesso Feat. Florida Georgia Line & Watt",https://www.shazam.com/track/373901396/let-me-go,373901396
457,2019-02-28,"Dusk Till Dawn (Ardix Remix)","ZAYN Feat. Sia",https://www.shazam.com/track/381545446/dusk-till-dawn-ardix-remix,381545446
458,2019-02-28,"Latch","Disclosure Feat. Sam Smith",https://www.shazam.com/track/96309796/latch,66722252
459,2019-02-28,"Sun Is Shining","Axwell & Ingrosso",https://www.shazam.com/track/258598530/sun-is-shining,258598530
460,2019-02-28,"Rockstar","Dancehall Madness",https://www.shazam.com/track/431618273/rockstar,431618273
461,2019-02-28,"There's Nothing Holdin' Me Back","Shawn Mendes",https://www.shazam.com/track/350525567/theres-nothing-holdin-me-back,350525567
462,2019-02-27,"Súbeme La Radio","Enrique Iglesias Feat. Descemer Bueno & Zion & Lennox",https://www.shazam.com/track/341905050/súbeme-la-radio,341905050
463,2019-02-26,"Sun Goes Down","Robin Schulz Feat. Jasmine Thompson",https://www.shazam.com/track/150866896/sun-goes-down,150866896
464,2019-02-26,"This Is How We Party","R3HAB & Icona Pop",https://www.shazam.com/track/456311847/this-is-how-we-party,456311847
465,2019-02-26,"Selfish","Dimitri Vegas & Like Mike & Era Istrefi",https://www.shazam.com/track/458993820/selfish,458993820
466,2019-02-26,"Sun Is Shining","Axwell & Ingrosso",https://www.shazam.com/track/258598530/sun-is-shining,258598530
467,2019-02-25,"Don't Call Me Up","Mabel",https://www.shazam.com/track/456001918/dont-call-me-up,454328373
468,2019-02-23,"Holiday (DJ Antoine Vs. Mad Mark 2k15 Radio Edit)","DJ Antoine Feat. Akon",https://www.shazam.com/track/271629677/holiday-dj-antoine-vs-mad-mark-2k15-radio-edit,270633118
469,2019-02-23,"Dance Again","Jennifer Lopez",https://www.shazam.com/track/100114240/dance-again,58199936
470,2019-02-23,"Coco","Black Caviar Feat. U.N.I",https://www.shazam.com/track/344035494/coco,344035494
471,2019-02-22,"So Far Away","Martin Garrix & David Guetta Feat. Jamie Scott & Romy Dya",https://www.shazam.com/track/384096796/so-far-away,384096796
472,2019-02-22,"Dying For You","Otto Knows & Lindsey Stirling Feat. Alex Aris",https://www.shazam.com/track/294666102/dying-for-you,294666102
473,2019-02-22,"Tied Up","Major Lazer Feat. Mr Eazi & RAYE & Jake Gosling",https://www.shazam.com/track/440455184/tied-up,440455184
474,2019-02-21,"Save Me","Lucidious",https://www.shazam.com/track/329938371/save-me,329938371
475,2019-02-21,"Go F**k Yourself","Two Feet",https://www.shazam.com/track/317657806/go-fk-yourself,317657806
476,2019-02-21,"Particula","Major Lazer Feat. DJ Maphorisa, Nasty C, Ice Prince, Patoranking & Jidenna",https://www.shazam.com/track/357579730/particula,357579730
477,2019-02-20,"Boom","Major Lazer",https://www.shazam.com/track/298772716/boom,298772716
478,2019-02-20,"Pull-Up","Jason Derulo",https://www.shazam.com/track/264906834/pull-up,264906834
479,2019-02-20,"Coco","Black Caviar Feat. U.N.I",https://www.shazam.com/track/344035494/coco,344035494
480,2019-02-19,"7 Rings (Remix)","Ariana Grande Feat. 2 Chainz",https://www.shazam.com/track/457314272/7-rings-remix,457314272
481,2019-02-19,"Thunder","Imagine Dragons",https://www.shazam.com/track/507755527/thunder,351092982
482,2019-02-19,"Don't Call Me Up","Mabel",https://www.shazam.com/track/456001918/dont-call-me-up,454328373
483,2019-02-18,"Drop In The Ocean","OMI Feat. AronChupa",https://www.shazam.com/track/286246914/drop-in-the-ocean,286246914
484,2019-02-18,"Bones","Galantis Feat. OneRepublic",https://www.shazam.com/track/456739377/bones,456739377
485,2019-02-18,"Cutting Shapes","Don Diablo",https://www.shazam.com/track/330575550/cutting-shapes,330575550
486,2019-02-17,"Stole The Show","Kygo Feat. Parson James",https://www.shazam.com/track/240086584/stole-the-show,240086584
487,2019-02-17,"Particula","Major Lazer Feat. DJ Maphorisa, Nasty C, Ice Prince, Patoranking & Jidenna",https://www.shazam.com/track/357579730/particula,357579730
488,2019-02-16,"Pretty Young Chan (Beat A Maxx And Tj)","DJTj Official",https://www.shazam.com/track/434350657/pretty-young-chan-beat-a-maxx-and-tj,434350657
489,2019-02-16,"Like I Love You","Lost Frequencies Feat. The NGHBRS",https://www.shazam.com/track/436563638/like-i-love-you,436563638
490,2019-02-15,"More Than You Know","Axwell /\ Ingrosso",https://www.shazam.com/track/353947233/more-than-you-know,353947233
491,2019-02-15,"Drop It Like It's Hot (Tim Gunter Remix)","Snoop Dogg",https://www.shazam.com/track/142728716/drop-it-like-its-hot-tim-gunter-remix,142728716
492,2019-02-15,"Still D.R.E.","Dr. Dre Feat. Snoop Dogg",https://www.shazam.com/track/230109/still-dre,230109
493,2019-02-14,"Better When You're Gone","David Guetta & Brooks & Loote",https://www.shazam.com/track/457204691/better-when-youre-gone,457204691
494,2019-02-13,"2002","Anne-Marie",https://www.shazam.com/track/414357186/2002,414357186
495,2019-02-13,"Cheerleader (Felix Jaehn Remix Radio Edit)","Omi",https://www.shazam.com/track/490976849/cheerleader-felix-jaehn-remix-radio-edit,119205187
496,2019-02-12,"Perfect Strangers","Jonas Blue",https://www.shazam.com/track/336610028/perfect-strangers,318300481
497,2019-02-12,"Just The Way You Are","Bruno Mars",https://www.shazam.com/track/52754376/just-the-way-you-are,52533287
498,2019-02-10,"All We Know","The Chainsmokers Feat. Phoebe Ryan",https://www.shazam.com/track/330819611/all-we-know,330819611
499,2019-02-10,"Can't Hold Us","Arta",https://www.shazam.com/track/131217256/cant-hold-us,131217256
500,2019-02-09,"Astronomia (Zac Waters Remix)","Tony Igy",https://www.shazam.com/track/438164184/astronomia-zac-waters-remix,438164184
501,2019-02-09,"Nothing But Love (Remode)","Axwell Feat. Errol Reid",https://www.shazam.com/track/57160962/nothing-but-love-remode,52615609
502,2019-02-09,"Tokyo","Faul & Wad Feat. Vertue",https://www.shazam.com/track/451796773/tokyo,451796773
503,2019-02-08,"Stand Up","Ludacris Feat. Shawnna",https://www.shazam.com/track/40599908/stand-up,20126884
504,2019-02-08,"Give Me Love","Mesto",https://www.shazam.com/track/429534658/give-me-love,429534658
505,2019-01-17,"Alarm","Anne-Marie",https://www.shazam.com/track/317894781/alarm,317894781
506,2019-01-16,"Silence","Marshmello Feat. Khalid",https://www.shazam.com/track/369511582/silence,369511582
507,2019-01-16,"Don't Leave Me Alone","David Guetta Feat. Anne-Marie",https://www.shazam.com/track/432521592/dont-leave-me-alone,432521592
508,2019-01-14,"Ruin My Life","Zara Larsson",https://www.shazam.com/track/443350521/ruin-my-life,443350521
509,2019-01-14,"Light (Crankdat Re-Crank) [Mixed]","San Holo",https://www.shazam.com/track/340914098/light-crankdat-re-crank-mixed,340914098
510,2019-01-14,"Everyday","Logic & Marshmello",https://www.shazam.com/track/408895815/everyday,408895815
511,2019-01-14,"Tell Me","Marshmello",https://www.shazam.com/track/426923142/tell-me,426923142
512,2019-01-14,"Feel So Close (Nero Remix)","Calvin Harris",https://www.shazam.com/track/53671026/feel-so-close-nero-remix,53671026
513,2019-01-14,"Zombie","RanD",https://www.shazam.com/track/433224718/zombie,433224718
514,2019-01-14,"Neverland","KSHMR & 7 Skies",https://www.shazam.com/track/432989425/neverland,432989425
515,2019-01-14,"Dracarys","Deorro & Dirty Audio",https://www.shazam.com/track/429300682/dracarys,429300682
516,2019-01-14,"Bongo (Dirtcaps Edit)","Luca Rezza",https://www.shazam.com/track/343528088/bongo-dirtcaps-edit,343528088
517,2019-01-14,"Back Home","Bellorum & Aazar",https://www.shazam.com/track/409737058/back-home,409737058
518,2019-01-14,"Phatt Bass 2016","Wolfpack & Warp Brothers",https://www.shazam.com/track/311669780/phatt-bass-2016,311029394
519,2019-01-14,"Jackie Chan (Tiësto's Big Room Mix)","Tiësto & Dzeko Feat. Preme & Post Malone",https://www.shazam.com/track/428597594/jackie-chan-tiëstos-big-room-mix,428597594
520,2019-01-14,"Another One","Tiësto & Deorro",https://www.shazam.com/track/437771152/another-one,437771152
521,2019-01-14,"Knockout","Deorro, MAKJ & Quintino",https://www.shazam.com/track/430164891/knockout,430164891
522,2019-01-14,"Loaded (Laidback Luke Remix)","Kryoman",https://www.shazam.com/track/236049319/loaded-laidback-luke-remix,236049319
523,2019-01-14,"Pursuit Of Happiness (Steve Aoki Remix)","Kid Cudi Feat. MGMT & Ratatat",https://www.shazam.com/track/51178858/pursuit-of-happiness-steve-aoki-remix,51178858
524,2019-01-14,"Waiting For Love","Avicii",https://www.shazam.com/track/262737553/waiting-for-love,262737553
525,2019-01-14,"Carry You Home (Tiësto's Big Room Mix)","Tiësto Feat. StarGate & Aloe Blacc",https://www.shazam.com/track/375671312/carry-you-home-tiëstos-big-room-mix,375671312
526,2019-01-14,"I Got The Power","Tommie Sunshine & Haus Of Panda",https://www.shazam.com/track/424699365/i-got-the-power,424699365
527,2019-01-14,"Grapevine","Tiësto",https://www.shazam.com/track/443282292/grapevine,443282292
528,2019-01-14,"ID","Tiesto & Sevenn",https://www.shazam.com/track/433797634/id,433797634
529,2019-01-14,"Coming Home","Tiësto & Mesto",https://www.shazam.com/track/410089769/coming-home,410089769
530,2019-01-14,"Fighting For (Tiësto Edit)","Wee-O Feat. Morgan Karr",https://www.shazam.com/track/264422549/fighting-for-tiësto-edit,264422549
531,2019-01-14,"Coming Home (Extended Mix)","Tiësto & Mesto",https://www.shazam.com/track/419203158/coming-home-extended-mix,419203158
532,2019-01-12,"Bounce Generation","TJR & VINAI",https://www.shazam.com/track/113830752/bounce-generation,113830752
533,2019-01-12,"Tremor (Sensation 2014 Anthem)","Dimitri Vegas & Martin Garrix & Like Mike",https://www.shazam.com/track/116360684/tremor-sensation-2014-anthem,111366620
534,2019-01-12,"Waiting For Love","Avicii",https://www.shazam.com/track/262737553/waiting-for-love,262737553
535,2019-01-12,"So Far Away","Martin Garrix & David Guetta Feat. Jamie Scott & Romy Dya",https://www.shazam.com/track/384096796/so-far-away,384096796
536,2019-01-12,"Ocean [Martin Garrix & Cesqeaux Remix]","Martin Garrix Feat. Khalid",https://www.shazam.com/track/431824770/ocean-martin-garrix-and-cesqeaux-remix,431824770
537,2019-01-12,"Like I Do","David Guetta, Martin Garrix & Brooks",https://www.shazam.com/track/407670917/like-i-do,407670917
538,2019-01-12,"Breach (Walk Alone)","Martin Garrix & Blinders",https://www.shazam.com/track/443487228/breach-walk-alone,443487228
539,2019-01-12,"Turn Up The Speakers","Afrojack & Martin Garrix",https://www.shazam.com/track/144863481/turn-up-the-speakers,144863481
540,2019-01-09,"Whenever","Kris Kross Amsterdam Feat. Conor Maynard",https://www.shazam.com/track/426805450/whenever,426805450
541,2019-01-08,"Mama","Jonas Blue Feat. William Singe",https://www.shazam.com/track/352149612/mama,352149612
542,2019-01-06,"Heatwave (DJ Katch Remix)","Robin Schulz Feat. Akon",https://www.shazam.com/track/320391943/heatwave-dj-katch-remix,320391943
543,2019-01-05,"Invincible","Deaf Kev",https://www.shazam.com/track/264810468/invincible,264810468
544,2019-01-05,"Summer Time","Morninglightmusic",https://www.shazam.com/track/411679688/summer-time,411679688
545,2019-01-05,"Boom","Major Lazer",https://www.shazam.com/track/298772716/boom,298772716
546,2019-01-05,"San Francisco","Galantis Feat. Sofia Carson",https://www.shazam.com/track/454058114/san-francisco,454058114
547,2019-01-02,"By Your Side","Jonas Blue Feat. RAYE",https://www.shazam.com/track/331175091/by-your-side,331175091
548,2018-12-31,"Hello","Adele",https://www.shazam.com/track/293477225/hello,293477225
549,2018-12-31,"Nirvana","INNA",https://www.shazam.com/track/384733351/nirvana,384733351
550,2018-12-31,"Be My Lover","Inna",https://www.shazam.com/track/89525872/be-my-lover,89525872
551,2018-12-31,"Remedy","Alesso",https://www.shazam.com/track/437189289/remedy,437189289
552,2018-12-30,"Bonbon","Era Istrefi",https://www.shazam.com/track/327724461/bonbon,308571907
553,2018-12-28,"Drop It Like It's Hot (Tim Gunter Remix)","Snoop Dogg",https://www.shazam.com/track/142728716/drop-it-like-its-hot-tim-gunter-remix,142728716
554,2018-12-28,"Nil Nuwan","Nirosha Virajini & Greshan Ananda",https://www.shazam.com/track/221762151/nil-nuwan,221762151
555,2018-12-25,"Hope","The Chainsmokers Feat. Winona Oak",https://www.shazam.com/track/452413614/hope,452413614
556,2018-12-25,"Hey Baby","Dimitri Vegas & Like Mike & Diplo Feat. Deb's Daughter",https://www.shazam.com/track/418416521/hey-baby,327518098
557,2018-12-23,"Mi Mundo","Siandra",https://www.shazam.com/track/434108786/mi-mundo,434108786
558,2018-12-23,"Only Love","Shaggy Feat. Pitbull & Gene Noble",https://www.shazam.com/track/278402635/only-love,278402635
559,2018-12-23,"Guleba (From "Gulaebaghavali")","Anirudh Ravichander & Mervin Solomon",https://www.shazam.com/track/403889724/guleba-from-gulaebaghavali,403889724
560,2018-12-21,"Consequences","Jebu",https://www.shazam.com/track/285505674/consequences,285505674
561,2018-12-21,"Mas De Lo Que Sabes (More Than You Know)","Axwell Λ Ingrosso & Sebastián Yatra & Cali Y El Dande",https://www.shazam.com/track/376468771/mas-de-lo-que-sabes-more-than-you-know,376468771
562,2018-12-18,"Here Comes The Hotstepper (Evian Version-Yuksek Remix)","Baby & Me",https://www.shazam.com/track/87016774/here-comes-the-hotstepper-evian-version-yuksek-remix,87016774
563,2018-12-17,"Rewrite The Stars","James Arthur & Anne-Marie",https://www.shazam.com/track/448053047/rewrite-the-stars,448053047
564,2018-12-11,"Feeling Of Falling","Cheat Codes & Kim Petras",https://www.shazam.com/track/451796652/feeling-of-falling,451796652
565,2018-12-11,"Superhero","Unknown Brain Feat. Chris Linton",https://www.shazam.com/track/329003558/superhero,329003558
566,2018-12-10,"Rich Love","OneRepublic & Seeb",https://www.shazam.com/track/364341889/rich-love,364341889
567,2018-12-10,"Blow That Smoke","Major Lazer Feat. Tove Lo",https://www.shazam.com/track/442449591/blow-that-smoke,442449591
568,2018-12-09,"Hangover","Taio Cruz Feat. Flo Rida",https://www.shazam.com/track/54879775/hangover,53843629
569,2018-12-09,"I Like Me Better","Lauv",https://www.shazam.com/track/356226600/i-like-me-better,356226600
570,2018-12-08,"Burn Out","Martin Garrix & Justin Mylo Feat. Dewain Whitmore",https://www.shazam.com/track/433798595/burn-out,433798595
571,2018-12-08,"Stars","Marshmello",https://www.shazam.com/track/428229793/stars,428229793
572,2018-12-07,"Complicated","Dimitri Vegas & Like Mike & David Guetta Feat. Kiiara",https://www.shazam.com/track/365721267/complicated,365721267
573,2018-12-07,"X","Nicky Jam & J Balvin",https://www.shazam.com/track/408829716/x,408829716
574,2018-12-07,"Universe","Don Diablo Feat. Emeni",https://www.shazam.com/track/262668399/universe,262668399
575,2018-12-05,"Let Me Hold You (Turn Me On)","Cheat Codes & Dante Klein",https://www.shazam.com/track/321726544/let-me-hold-you-turn-me-on,321726544
576,2018-12-05,"I Like Me Better","Harry Grover",https://www.shazam.com/track/440782276/i-like-me-better,440782276
577,2018-12-05,"Perfect Duet (Spanish Version)","Kevin y Karla",https://www.shazam.com/track/405562968/perfect-duet-spanish-version,405562968
578,2018-12-04,"This Feeling","The Chainsmokers Feat. Kelsea Ballerini",https://www.shazam.com/track/438870908/this-feeling,438870908
579,2018-12-04,"Savages","Sunnery James & Ryan Marciano & Bruno Martini Feat. Mayra",https://www.shazam.com/track/412278234/savages,412278234
580,2018-12-04,"You Remind Me","Chris Porter",https://www.shazam.com/track/368836678/you-remind-me,368836678
581,2018-11-29,"It Ain't Me","Kygo & Selena Gomez",https://www.shazam.com/track/341750164/it-aint-me,341750164
582,2018-11-29,"Safari","Serena",https://www.shazam.com/track/384721113/safari,384721113
583,2018-11-27,"Sin Pijama (En Directo)","Becky G",https://www.shazam.com/track/428661918/sin-pijama-en-directo,428661918
584,2018-11-26,"Blow That Smoke","Major Lazer Feat. Tove Lo",https://www.shazam.com/track/442449591/blow-that-smoke,442449591
585,2018-11-26,"Satisfied","KLOUD",https://www.shazam.com/track/410596760/satisfied,410596760
586,2018-11-25,"Whenever","Kris Kross Amsterdam Feat. Conor Maynard",https://www.shazam.com/track/426805450/whenever,426805450
587,2018-11-25,"Mugatu (Jay Karama Remix)","Rave Radio & Zoolanda",https://www.shazam.com/track/160497398/mugatu-jay-karama-remix,160497398
588,2018-11-25,"I Got My Eye On You (Nari & Milani Radio Edit)","Nari & Milani & Cristian Marchi Feat. Luciana",https://www.shazam.com/track/52197488/i-got-my-eye-on-you-nari-and-milani-radio-edit,52197488
589,2018-11-25,"Who (Original Mix)","Tujamo & Plastik Funk",https://www.shazam.com/track/101211376/who-original-mix,102155047
590,2018-11-25,"Purple Dragons (Dragons VIP)","Virtual Riot",https://www.shazam.com/track/402831440/purple-dragons-dragons-vip,402831440
591,2018-11-25,"Complicated","Dimitri Vegas & Like Mike & David Guetta Feat. Kiiara",https://www.shazam.com/track/365721267/complicated,365721267
592,2018-11-25,"No Candle No Light","ZAYN Feat. Nicki Minaj",https://www.shazam.com/track/449408669/no-candle-no-light,449408669
593,2018-11-24,"Savages","Sunnery James & Ryan Marciano & Bruno Martini Feat. Mayra",https://www.shazam.com/track/412278234/savages,412278234
594,2018-11-24,"Dancing Alone","Axwell & Ingrosso Feat. Romans",https://www.shazam.com/track/429406156/dancing-alone,429406156
595,2018-11-24,"Dancing Alone","Axwell & Ingrosso Feat. Romans",https://www.shazam.com/track/429406156/dancing-alone,429406156
596,2018-11-24,"Who (Original Mix)","Tujamo & Plastik Funk",https://www.shazam.com/track/101211376/who-original-mix,102155047
597,2018-11-22,"No Candle No Light","ZAYN Feat. Nicki Minaj",https://www.shazam.com/track/449408669/no-candle-no-light,449408669
598,2018-11-21,"Outside","Calvin Harris Feat. Ellie Goulding",https://www.shazam.com/track/229434817/outside,155522155
599,2018-11-20,"Say My Name","David Guetta & Bebe Rexha & J Balvin",https://www.shazam.com/track/438654695/say-my-name,438654695
600,2018-11-20,"Connection","OneRepublic",https://www.shazam.com/track/428763633/connection,428763633
601,2018-11-20,"This Is What It Feels Like (Extended Mix)","Armin Van Buuren Feat. Trevor Guthrie",https://www.shazam.com/track/83795149/this-is-what-it-feels-like-extended-mix,83795149
602,2018-11-20,"1, 2, 3","Sofia Reyes feat. Jason Derulo & De La Ghetto",https://www.shazam.com/track/406020516/1-2-3,406020516
603,2018-11-20,"Dancing Alone","Axwell & Ingrosso Feat. Romans",https://www.shazam.com/track/429406156/dancing-alone,429406156
604,2018-11-20,"Don't You Need Somebody","RedOne Feat. Enrique Iglesias, R. City, Serayah & Shaggy",https://www.shazam.com/track/319302978/dont-you-need-somebody,319302978
605,2018-11-19,"Happy Now","Kygo Feat. Sandro Cavazza",https://www.shazam.com/track/441181008/happy-now,441181008
606,2018-11-19,"Classic","Adua Blaize",https://www.shazam.com/track/376663248/classic,376663248
607,2018-11-18,"Freedom","David Guetta & CeCe Rogers",https://www.shazam.com/track/438190017/freedom,438190017
608,2018-11-18,"Freedom","David Guetta & CeCe Rogers",https://www.shazam.com/track/438190017/freedom,438190017
609,2018-11-17,"Still D.R.E.","Dr. Dre Feat. Snoop Dogg",https://www.shazam.com/track/230109/still-dre,230109
610,2018-11-17,"Hey DJ","CNCO & Meghan Trainor & Sean Paul",https://www.shazam.com/track/446990404/hey-dj,446990404
611,2018-11-17,"Jumbo","Alex Skrindo",https://www.shazam.com/track/297266351/jumbo,297266351
612,2018-11-16,"They Can't Stop Us (Mr Thomas Remix Edit)","Stephan Amount",https://www.shazam.com/track/336998263/they-cant-stop-us-mr-thomas-remix-edit,336998271
613,2018-11-15,"Savages","Sunnery James & Ryan Marciano & Bruno Martini Feat. Mayra",https://www.shazam.com/track/412278234/savages,412278234
614,2018-11-13,"Burn Out","Martin Garrix & Justin Mylo Feat. Dewain Whitmore",https://www.shazam.com/track/433798595/burn-out,433798595
615,2018-11-13,"Anthem (We Love House Music)","Don Diablo",https://www.shazam.com/track/420281815/anthem-we-love-house-music,420281815
616,2018-11-13,"A Sky Full Of Stars","Coldplay",https://www.shazam.com/track/118982070/a-sky-full-of-stars,118982070
617,2018-11-13,"Tied Up","Major Lazer Feat. Mr Eazi & RAYE & Jake Gosling",https://www.shazam.com/track/440455184/tied-up,440455184
618,2018-11-13,"Cavernous Hearts","Lavinia De Ayr",https://www.shazam.com/track/343193708/cavernous-hearts,343193708
619,2018-11-13,"NewYearz","Muddy Geez Feat. Melly Gz",https://www.shazam.com/track/412818121/newyearz,412818121
620,2018-11-13,"Time to Say Goodbye (Live)","Sarah Brightman & Andrea Bocelli",https://www.shazam.com/track/94932670/time-to-say-goodbye-live,94932670
621,2018-11-13,"Jam Play","Wonder Music",https://www.shazam.com/track/325974064/jam-play,325974064
622,2018-11-13,"Heartbeat (Nightcore Version)","Marcus & Martinus",https://www.shazam.com/track/408514173/heartbeat-nightcore-version,408514173
623,2018-11-13,"HUMBLE.","Kendrick Lamar",https://www.shazam.com/track/346034996/humble,346032419
624,2018-11-13,"For Whom The Bell Tolls","Metallica",https://www.shazam.com/track/234965/for-whom-the-bell-tolls,234965
625,2018-11-13,"King's Dead","Jay Rock & Kendrick Lamar & Future & James Blake",https://www.shazam.com/track/403148525/kings-dead,403148525
626,2018-11-13,"In The End","Tommee Profitt Feat. Fleurie & Jung Youth",https://www.shazam.com/track/413036575/in-the-end,413036575
627,2018-11-13,"Wake Up","Chardonnay",https://www.shazam.com/track/400991267/wake-up,400991267
628,2018-11-12,"Happy Now","Kygo Feat. Sandro Cavazza",https://www.shazam.com/track/441181008/happy-now,441181008
629,2018-11-12,"Happier","Marshmello & Bastille",https://www.shazam.com/track/435160184/happier,435160184
630,2018-11-12,"Whenever","Kris Kross Amsterdam Feat. Conor Maynard",https://www.shazam.com/track/426805450/whenever,426805450
631,2018-11-12,"No One Compares To You","Jack & Jack",https://www.shazam.com/track/442045440/no-one-compares-to-you,442045440
632,2018-11-12,"Me Too","Meghan Trainor",https://www.shazam.com/track/318070936/me-too,318070936
633,2018-11-12,"Heroes (We Could Be)","Alesso Feat. Tove Lo",https://www.shazam.com/track/147996579/heroes-we-could-be,147996579
634,2018-11-12,"Fire In My Soul","Oliver Heldens Feat. Shungudzo",https://www.shazam.com/track/444345605/fire-in-my-soul,444345605
635,2018-11-12,"Run To Me (From The "Home" Soundtrack)","Clarence Coffee Jr.",https://www.shazam.com/track/239751362/run-to-me-from-the-home-soundtrack,239751362
636,2018-11-11,"Born To Be Yours","Kygo & Imagine Dragons",https://www.shazam.com/track/427660020/born-to-be-yours,427660020
637,2018-11-11,"Girls Like You","Maroon 5",https://www.shazam.com/track/377495989/girls-like-you,417333490
638,2018-11-11,"Satisfya","Imran Khan",https://www.shazam.com/track/89162557/satisfya,89162557
639,2018-11-10,"You Remind Me","Chris Porter",https://www.shazam.com/track/368836678/you-remind-me,368836678
640,2018-11-10,"No Diggity","Artistic Raw",https://www.shazam.com/track/339389547/no-diggity,339389547
641,2018-11-10,"Guaya","Eva Simons",https://www.shazam.com/track/363101367/guaya,363101367
642,2018-11-10,"Tipsy","J-Kwon",https://www.shazam.com/track/40039786/tipsy,40039786
643,2018-11-10,"Complicated","Dimitri Vegas & Like Mike & David Guetta Feat. Kiiara",https://www.shazam.com/track/365721267/complicated,365721267
644,2018-11-10,"What A Night (Remix)","Kat Deluna Feat. Jeremih & Stefflon Don",https://www.shazam.com/track/327948098/what-a-night-remix,327948098
645,2018-11-09,"Mi Gente","J Balvin & Willy William",https://www.shazam.com/track/364923255/mi-gente,360166932
646,2018-11-08,"Rise","Jonas Blue Feat. Jack & Jack",https://www.shazam.com/track/417811071/rise,417811071
647,2018-11-08,"It Ain't Me","Kygo & Selena Gomez",https://www.shazam.com/track/341750164/it-aint-me,341750164
648,2018-11-08,"Tied Up","Major Lazer Feat. Mr Eazi & RAYE & Jake Gosling",https://www.shazam.com/track/440455184/tied-up,440455184
649,2018-11-08,"No One Compares To You","Jack & Jack",https://www.shazam.com/track/442045440/no-one-compares-to-you,442045440
650,2018-11-07,"Lost In Japan (Remix)","Shawn Mendes & Zedd",https://www.shazam.com/track/441014449/lost-in-japan-remix,441014449
651,2018-11-06,"I'm An Albatraoz","AronChupa",https://www.shazam.com/track/110637645/im-an-albatraoz,110637645
652,2018-11-06,"Favela","Alok & Ina Wroldsen",https://www.shazam.com/track/433887108/favela,433887108
653,2018-11-06,"Gold","Valentino Khan Feat. Sean Paul",https://www.shazam.com/track/377809532/gold,377809532
654,2018-11-06,"A Different Way","DJ Snake Feat. Lauv",https://www.shazam.com/track/373914573/a-different-way,373914573
655,2018-11-05,"Polaroid","Jonas Blue Feat. Liam Payne & Lennon Stella",https://www.shazam.com/track/440701907/polaroid,440701907
656,2018-11-05,"Lovers On The Sun","David Guetta Feat. Sam Martin",https://www.shazam.com/track/132314194/lovers-on-the-sun,132314194
657,2018-11-05,"Home","Cheat Codes",https://www.shazam.com/track/442695984/home,442695984
658,2018-11-04,"Taki Taki","DJ Snake Feat. Selena Gomez & Ozuna & Cardi B",https://www.shazam.com/track/440557235/taki-taki,440557235
659,2018-11-03,"Stay","Zedd & Alessia Cara",https://www.shazam.com/track/342054451/stay,342054451
660,2018-11-03,"Broken Glass","Rachel Platten",https://www.shazam.com/track/370798513/broken-glass,370798513
661,2018-11-03,"Man's Not Hot (2scratch Remix)","Big Shaq",https://www.shazam.com/track/381459875/mans-not-hot-2scratch-remix,381459875
662,2018-11-03,"Search Party (Jaykode Remix)","Sam Bruno",https://www.shazam.com/track/288263998/search-party-jaykode-remix,288263998
663,2018-10-27,"Waiting For Love","Avicii",https://www.shazam.com/track/262737553/waiting-for-love,262737553
664,2018-10-27,"Decisions","KREAM Feat. Maia Wright",https://www.shazam.com/track/439567153/decisions,439567153
665,2018-10-21,"Eye Of The Tiger","Survivor",https://www.shazam.com/track/469527/eye-of-the-tiger,311594
666,2018-10-13,"Gone","Josh Middleton",https://www.shazam.com/track/378954673/gone,378954673
667,2018-10-13,"Legend","Jaroslav Beck & Crispin Feat. Backchat",https://www.shazam.com/track/410332210/legend,410332210
668,2018-10-12,"Aaley","Daddy",https://www.shazam.com/track/340023237/aaley,340023237
669,2018-10-12,"Tremor (Sensation 2014 Anthem)","Dimitri Vegas & Martin Garrix & Like Mike",https://www.shazam.com/track/116360684/tremor-sensation-2014-anthem,111366620
670,2018-10-11,"Cheap Thrills (Twiig & Tule Remix)","Sia Feat. Sean Paul",https://www.shazam.com/track/325585104/-,325585104
671,2018-10-09,"Girls Like You","Maroon 5",https://www.shazam.com/track/377495989/girls-like-you,417333490
672,2018-10-08,"Melbournia","Timmy Trumpet & Chardy",https://www.shazam.com/track/90108236/melbournia,90108236
673,2018-10-07,"Adrenalina","Wisin Feat. Jennifer Lopez & Ricky Martin",https://www.shazam.com/track/106337928/adrenalina,106337928
674,2018-10-05,"Tear It Down (From Hotel Transylvania 3)","Tiësto",https://www.shazam.com/track/430377123/tear-it-down-from-hotel-transylvania-3,430377123
675,2018-10-05,"Macarena","Los Del Rio",https://www.shazam.com/track/66453743/macarena,519559
676,2018-10-05,"Seavolution (From Hotel Transylvania 3)","Tiësto",https://www.shazam.com/track/430377125/seavolution-from-hotel-transylvania-3,430377125
677,2018-10-05,"Tear It Down (From Hotel Transylvania 3)","Tiësto",https://www.shazam.com/track/430377123/tear-it-down-from-hotel-transylvania-3,430377123
678,2018-09-28,"The Spectre","Alan Walker",https://www.shazam.com/track/373163593/the-spectre,373163593
679,2018-09-28,"One Day","Arash Feat. Helena",https://www.shazam.com/track/106446186/one-day,106446186
680,2018-09-27,"What Lovers Do","Maroon 5 Feat. SZA",https://www.shazam.com/track/381028947/what-lovers-do,372469372
681,2018-09-27,"What Lovers Do","Maroon 5 Feat. SZA",https://www.shazam.com/track/381028947/what-lovers-do,372469372
682,2018-09-27,"Fly","Marshmello",https://www.shazam.com/track/409590011/fly,409590011
683,2018-09-26,"Don't Go","DJ Layla Feat. Malina Tanase",https://www.shazam.com/track/322280495/dont-go,322280495
684,2018-09-26,"How Deep Is Your Love (DJ Snake Remix)","Calvin Harris & Disciples",https://www.shazam.com/track/281895907/how-deep-is-your-love-dj-snake-remix,281895907
685,2018-09-26,"Levels","Avicii",https://www.shazam.com/track/54554760/levels,53442524
686,2018-09-26,"Ghost","Halsey",https://www.shazam.com/track/105434206/ghost,105434206
687,2018-09-25,"Paranavigar","Jarina De Marco",https://www.shazam.com/track/275880397/paranavigar,275880397
688,2018-09-25,"Ongoing Thing","20syl Feat. Oddisee",https://www.shazam.com/track/125278327/ongoing-thing,125278327
689,2018-09-25,"River (Burns Remix)","Bishop Briggs",https://www.shazam.com/track/327761353/river-burns-remix,327761353
690,2018-09-23,"Rolex","Ayo & Teo",https://www.shazam.com/track/339787088/rolex,339787088
691,2018-09-23,"Scars To Your Beautiful","Alessia Cara",https://www.shazam.com/track/338641471/scars-to-your-beautiful,297002356
692,2018-09-23,"Hasi (Female Version)","Ami Mishra & Shreya Ghoshal",https://www.shazam.com/track/265519335/hasi-female-version,265519335
693,2018-09-23,"Oluwa Wikarai","SANUKA",https://www.shazam.com/track/431431946/oluwa-wikarai,431431946
694,2018-09-23,"Monster (Lum!x Bootleg)","Meg & Dia",https://www.shazam.com/track/401170059/monster-lumx-bootleg,401170059
695,2018-09-16,"Run Free","Deep Chills Feat. IVIE",https://www.shazam.com/track/371510650/run-free,371510650
696,2018-09-15,"He's My Hero","Maalavika Manoj",https://www.shazam.com/track/336263436/hes-my-hero,336263436
697,2018-09-14,"Don't Let Me Down","The Chainsmokers Feat. Daya",https://www.shazam.com/track/310435082/dont-let-me-down,310435082
698,2018-09-14,"Everybody","Ghastly Feat. Sam King",https://www.shazam.com/track/414837261/everybody,414837261
699,2018-09-14,"Thunderstruck (Live)","AC/DC",https://www.shazam.com/track/346440/thunderstruck-live,346440
700,2018-09-14,"Run The Jewels (Baby Driver Dialogue Version)","Run The Jewels",https://www.shazam.com/track/410101850/run-the-jewels-baby-driver-dialogue-version,410101850
701,2018-09-14,"Off The Jetty","Christopher Lennertz",https://www.shazam.com/track/357695069/off-the-jetty,357695069
702,2018-09-14,"No Lie","Sean Paul Feat. Dua Lipa",https://www.shazam.com/track/335068952/no-lie,335068952
703,2018-09-11,"The Riddle (Alternative Radio Edit)","Prezioso & Marvin",https://www.shazam.com/track/50993822/the-riddle-alternative-radio-edit,50993822
704,2018-09-08,"Cast Away","Strange Talk",https://www.shazam.com/track/67813372/cast-away,67813372
705,2018-08-26,"Fast Forward","Dirty Audio Feat. Ying Yang Twins & Mr Collipark",https://www.shazam.com/track/336806384/fast-forward,336806384
706,2018-08-25,"Rubberband Man","The Spinners",https://www.shazam.com/track/566163/rubberband-man,566163
707,2018-08-21,"Toma Toma (Mega Francesita)","Mixeos DJs",https://www.shazam.com/track/310131084/toma-toma-mega-francesita,310131084
708,2018-08-18,"Alexd","Kristal Gandhi",https://www.shazam.com/track/411588831/alexd,411588831
709,2018-08-18,"In My Feelings","Drake",https://www.shazam.com/track/429772054/in-my-feelings,429772054
710,2018-08-16,"Magenta Riddim","DJ Snake",https://www.shazam.com/track/407538682/magenta-riddim,407538682
711,2018-08-12,"Mera Joota Hai Japani","Raj Kapoor",https://www.shazam.com/track/120077134/mera-joota-hai-japani,120077134
712,2018-08-11,"La Ballade De Bocognano","Les Guitares Du Maquis",https://www.shazam.com/track/111010020/la-ballade-de-bocognano,111010020
713,2018-08-06,"Tu Meri (From "Bang Bang")","Vishal & Shekhar & Vishal Dadlani",https://www.shazam.com/track/147970633/tu-meri-from-bang-bang,147970633
714,2018-08-06,"Cut To The Feeling","Carly Rae Jepsen",https://www.shazam.com/track/349182839/cut-to-the-feeling,349182839
715,2018-08-06,"Confident","Demi Lovato",https://www.shazam.com/track/282604916/confident,282604916
716,2018-08-06,"Suitcase","Sia",https://www.shazam.com/track/427964407/suitcase,427964407
717,2018-08-06,"Suitcase","Sia",https://www.shazam.com/track/427964407/suitcase,427964407
718,2018-08-06,"Shannon Reel","Daniel Darras & Youenn Le Berre",https://www.shazam.com/track/59961037/shannon-reel,59961037
719,2018-08-06,"Cups (Pitch Perfect’s “when I’m Gone”;Pop Version)","Anna Kendrick",https://www.shazam.com/track/87678157/cups-pitch-perfects-when-im-gonepop-version,87678157
720,2018-05-18,"Showdown","F.O.O.L",https://www.shazam.com/track/320045158/showdown,320045158
721,2018-05-16,"Ciao Adios","Anne-Marie",https://www.shazam.com/track/341113972/ciao-adios,341113972
722,2018-05-12,"Cheap Thrills","Sia",https://www.shazam.com/track/303988181/cheap-thrills,303988181
723,2018-05-01,"Young & Wild","The Strumbellas",https://www.shazam.com/track/310651042/young-and-wild,310651042
724,2018-04-19,"Last Summer","Ikson",https://www.shazam.com/track/404171378/last-summer,404171378
725,2018-04-09,"Bad","Michael Jackson",https://www.shazam.com/track/5163948/bad,5163948
726,2018-04-09,"Bad","Michael Jackson",https://www.shazam.com/track/5163948/bad,5163948
727,2018-04-09,"Have No Limits!","Patrizio Valente",https://www.shazam.com/track/323536393/have-no-limits,323536393
728,2018-04-09,"Nova","Ahrix",https://www.shazam.com/track/92664973/nova,92664973
729,2018-04-09,"Slowfly","5volts",https://www.shazam.com/track/385377529/slowfly,385377529
730,2018-04-08,"Andiamo","Ardian Bujupi Feat. Capital T",https://www.shazam.com/track/368263594/andiamo,368263594
731,2018-04-08,"Sexy And I Know It","LMFAO",https://www.shazam.com/track/53610050/sexy-and-i-know-it,53610050
732,2018-04-08,"Red Balloon (Bonus Track)","Charli XCX",https://www.shazam.com/track/229062565/red-balloon-bonus-track,229062565